1.278837732184891829e+00,-6.832474634080375475e-01
1.350356415734808246e+00,-4.367656416038337430e-01
9.847476535972408129e-01,-4.826962939860507396e-01
1.437402307182524597e+00,-3.782500980760540865e-01
1.224559069328317262e+00,-4.275843444940153337e-01
1.301865166774178961e+00,-2.130167951253447711e-01
1.067246562061017423e+00,-4.514866572773433839e-01
1.404827532750316577e+00,-2.667875283727297320e-01
1.460390020376005182e+00,-6.004882482390617310e-02
1.103905062817146288e+00,-3.871517131696288194e-01
1.195638218066796599e+00,-2.845739447509657016e-01
1.322270333296761802e+00,-5.934150584098218939e-01
1.085663204401706272e+00,-3.300528392048724530e-02
1.455037267427151004e+00,5.480919749823898179e-02
9.754401000102348451e-01,-4.477996873096363184e-01
1.470062404679376655e+00,-2.748985352617742683e-01
1.113739019119545093e+00,2.846902103720610339e-02
1.407636851010384937e+00,-6.798248892050602621e-02
1.318766614903981838e+00,-8.081662204044805231e-02
9.326182871489649973e-01,-3.866787467109843446e-01
1.002055387152815724e+00,-2.163327552813092414e-01
1.056328241803480728e+00,-3.529749411932566749e-01
1.257523450863419878e+00,-7.957289650944665560e-02
1.295017628812634936e+00,-4.832782037019470733e-01
1.238774707832892563e+00,-5.386247612616562597e-02
1.370340211726566393e+00,5.240483287380809027e-03
1.370310201870830413e+00,7.319272283939753931e-02
1.344053964795976386e+00,-3.420295501903911628e-01
1.207925495173860053e+00,-3.142585646228147067e-01
1.020464956274806045e+00,-4.721669918845571023e-02
1.036945349154325458e+00,-3.943699437860906931e-01
9.885518018193094614e-01,-2.134882562083067203e-01
1.272328558900586826e+00,-2.267122430524230459e-01
1.068273626037112622e+00,-4.215268187464202843e-01
1.258461945548275729e+00,-1.563886027560183745e-01
1.222732852168644690e+00,1.141787057390361015e-01
1.009195198801200455e+00,-2.254697900087165585e-01
1.374383491867679163e+00,-2.137078315323174549e-01
1.226698259717905470e+00,-3.233068649281048978e-01
1.377232049233064082e+00,8.461890832778415361e-02
1.137640624493546193e+00,-8.838312617103892543e-02
1.276589220738889585e+00,-3.721013445955090315e-01
1.421517139875918545e+00,-9.433398278393709258e-02
1.355336119896226377e+00,-4.911908528197633794e-01
1.219934284478385145e+00,-1.638460208253733705e-03
9.968870917974513857e-01,-2.173608279113218023e-01
1.025890474323043700e+00,-1.251771542467822462e-01
1.008702523936517270e+00,2.703784948802377339e-02
1.409202835682771049e+00,-1.382546212365633187e-01
1.067252854456895106e+00,1.366369537934419842e-02
1.183673091105851283e+00,-2.757307439601824894e-01
1.155289567367442372e+00,-2.760597079620394911e-01
1.343204229661474569e+00,-1.437220874167949858e-01
1.379419045677517941e+00,-9.428034717429067957e-02
1.180109769468147940e+00,1.295589937212086318e-01
1.436320474564173111e+00,1.589277132254434122e-01
1.282102000238661832e+00,9.379372439583563703e-02
1.164454513732139374e+00,-2.360975167995435775e-01
1.333894588313902174e+00,-2.482140696288013537e-01
1.313888610521382505e+00,5.600732143660664547e-02
1.127750246419095603e+00,-1.650382143959179537e-01
1.137326365688218432e+00,-1.681042046981750734e-02
1.189861267513605103e+00,4.165564205678002480e-02
1.371497664614701462e+00,2.374617736289071357e-01
1.402872964723943294e+00,-3.762816791972630193e-01
1.465126362049838038e+00,-6.040273983964503796e-02
1.051765485636925845e+00,8.475561614674591293e-02
9.857514668880048569e-01,-1.897916639892060775e-01
1.466661845659517738e+00,-1.153573069901901726e-01
1.392012725318368283e+00,-1.379523532658576968e-01
1.334453376911813649e+00,1.317213383730712062e-01
1.404991405340766164e+00,-3.402701436483105413e-01
1.173005458978711113e+00,1.804293033030256155e-04
1.098611188405391070e+00,-1.106593959528689164e-01
1.447400207642623338e+00,-1.456391877825469194e-01
1.331829478133951472e+00,-2.916285837040941686e-01
9.935549790044542195e-01,1.925030634833844179e-01
1.052857531901246091e+00,2.202927426009855250e-01
1.313675048974967785e+00,-1.759326067158298035e-01
1.490703600348642910e+00,-1.003442286495109942e-01
1.177997959820130225e+00,-5.652249369461183337e-02
1.412981605164305376e+00,2.300519947928685027e-01
1.070484072704483980e+00,2.867441051780798139e-02
1.374612033448329163e+00,2.870897150867280367e-01
1.469490987239640889e+00,-6.737900306334515532e-02
1.007466883832518478e+00,2.210608166151384057e-01
1.064189673404535963e+00,3.264362648182093651e-01
1.408305226557698298e+00,-2.394510001001285901e-02
1.446757817270396762e+00,8.161749089391356904e-02
1.328495403406411368e+00,2.452802290577580646e-01
1.388544039315015910e+00,4.103654591853755332e-05
1.465022177332198750e+00,1.672686017129491054e-01
1.103506930214650517e+00,1.498848350164770638e-01
1.016860650203621930e+00,-1.025721834987519954e-01
1.201318685689287014e+00,-1.470223504010938209e-01
1.234532294063171332e+00,1.442655504834992886e-01
1.441681898068713830e+00,3.797062076521369178e-01
1.133128904778840429e+00,1.523281671709851570e-01
1.421888293792592961e+00,3.941577485967748262e-02
1.364362455957490727e+00,4.366604257955248314e-01
-1.008602988586451588e+00,1.970068199510056628e-01
-1.366820180237995341e+00,2.524066456147973092e-01
-1.345316792224725333e+00,1.806042230746484067e-01
-1.051985124733358479e+00,2.896686732640567641e-01
-9.523399047590547228e-01,4.297082815769317499e-01
-1.282235665811512382e+00,6.451793432924139982e-01
-1.426904083666273415e+00,1.646106313323158765e-01
-1.425443070018279634e+00,4.991627043447770251e-02
-1.201566845001115880e+00,2.014788143407521270e-01
-9.819771533057524149e-01,3.076545262560938521e-01
-1.391690646673279241e+00,1.060242452437348132e-01
-1.349117488982183755e+00,3.868112423945255229e-01
-1.190990253410181277e+00,2.708222236266139699e-02
-1.428092612547360307e+00,2.930135703025057436e-01
-1.353393246402914141e+00,5.091525673489763482e-02
-1.028152030973336073e+00,-1.727618082063728851e-03
-1.395532569876632545e+00,4.602904082305406819e-01
-1.434080074882274181e+00,1.490231190568992378e-02
-1.311269837375270697e+00,3.406330649312756115e-02
-1.063700610395309276e+00,6.175383734077774522e-02
-9.254401450483833447e-01,4.035783048295399911e-01
-1.062511253353346063e+00,4.239330238027815279e-01
-1.208160123009262898e+00,3.738752810793580794e-01
-1.258723326831533429e+00,1.553757721560608818e-01
-1.246286384417577331e+00,3.174399948601890897e-01
-1.337327599657823773e+00,-7.046230851871285172e-02
-1.376954313061275581e+00,4.755943701981376996e-03
-1.209972475659740754e+00,3.491765827840112024e-01
-1.040486173375321011e+00,3.993737051498859048e-01
-1.080697932903596836e+00,2.670155200515148541e-01
-1.368385054042783766e+00,7.057174756094593271e-02
-1.072171100320648440e+00,4.299211491685196451e-01
-1.242424662299154159e+00,3.084267076213784500e-02
-1.281425437997999683e+00,8.232709477320662717e-02
-1.405043032600689967e+00,-1.235935646707745084e-01
-1.196116423744127966e+00,-1.361058644772653592e-01
-1.109858578679779217e+00,2.071093733364115785e-01
-1.116680659776949636e+00,8.794200686393892352e-02
-1.287906139622307267e+00,3.027818771537896803e-01
-1.171795596123066607e+00,5.549961337654951005e-02
-1.397499078088407787e+00,-8.259411516619227789e-02
-1.302565942079131789e+00,1.154969535647138723e-01
-1.347353319117255532e+00,1.684711242966414613e-01
-1.013593130893041927e+00,-3.759193650125500913e-02
-1.439227754809009774e+00,1.466885809616732539e-01
-1.030182169836895589e+00,-1.339915453433466463e-01
-1.465540039841983999e+00,1.982744014656548648e-01
-1.016855617000844703e+00,3.107136384010873442e-01
-1.204636213518522903e+00,4.134444784767765668e-01
-1.397938250317102726e+00,2.030320311673818601e-01
-1.339275263209987354e+00,-2.043659414651825823e-01
-1.150547488468584678e+00,-2.133160011302724646e-01
-1.478098245494015694e+00,-6.485188883242787306e-02
-1.187418262143517422e+00,2.255609700261363426e-01
-1.276593004459329883e+00,1.815860064909867733e-01
-1.463966645805152789e+00,-1.105986209377981255e-01
-1.147239200606895437e+00,-1.705324504497550131e-01
-1.431210454023793099e+00,4.160782153576836340e-01
-1.168259338486671073e+00,7.981866383522784325e-02
-1.199713568031815392e+00,5.910448305380415490e-02
-1.140453031220947100e+00,-1.586030519873924960e-01
-1.277872956156755224e+00,3.747272726353273464e-01
-1.493325193255675920e+00,-1.269364784512966859e-01
-1.233101519996394391e+00,-1.941382548910262074e-01
-1.270350868344787276e+00,3.318673653030445037e-01
-1.356117517044611365e+00,-6.627551047358315461e-02
-1.280261736080211321e+00,-1.524901657065515226e-01
-1.033990115063137649e+00,8.448681948719972967e-02
-1.427245312373720765e+00,2.046685019356295210e-01
-1.439120852720293220e+00,3.712601023445278869e-01
-1.067164573581503184e+00,-1.858185403877592734e-01
-1.018516321690149384e+00,-5.935792245788975435e-02
-1.456929717139463509e+00,-7.581344626788368013e-02
-1.405312470783270706e+00,-3.120997134574854392e-01
-1.041629313435687765e+00,1.050155572864831972e-02
-1.387586630921779918e+00,8.108847929780003960e-02
-1.332342526540838845e+00,-9.010953923184174263e-02
-1.280639157260694105e+00,-8.506942735131423072e-02
-1.150319726031049594e+00,1.135075216931169251e-01
-1.028775270234169259e+00,-1.788642737940609184e-01
-1.209881384150054640e+00,-1.126707791786220603e-01
-1.081571460056069300e+00,-3.156544153680422848e-01
-1.496027144134983500e+00,-4.065805224267748236e-02
-1.243440279031470475e+00,2.399118395939438264e-01
-1.157464294556710183e+00,-1.070742987894474363e-01
-1.075088241555381074e+00,4.267325445795386307e-02
-1.178108445254251624e+00,2.291962208060725481e-01
-1.342470395568440056e+00,-2.584082215854130449e-01
-1.173973563414726584e+00,1.895931963890418459e-01
-1.300943785045828749e+00,2.078076876047524335e-01
-1.095816811222045661e+00,-3.284545366429266200e-01
-1.277392986473515624e+00,-1.650549843055617305e-01
-1.022655415511183108e+00,-2.623525978314934504e-01
-1.246552182867167513e+00,-3.223407803687116518e-02
-1.313984345139960652e+00,1.932829921733443812e-01
-1.220273499254501681e+00,-3.290660437242583503e-01
-1.098688750547907489e+00,-1.557268503717188501e-01
-1.121832258249689573e+00,-2.287231070396557875e-01
-1.426143470295984761e+00,2.136853669367033137e-01
-1.023669560095765929e+00,1.605040148193385696e-01
1.445806932796757538e+00,-1.478735891428830107e-01
1.002941216620199416e+00,2.500743154746355446e-01
1.356500141686860950e+00,1.047448036303360447e-01
1.422555090357388030e+00,2.823197660322028235e-01
1.393620631946151711e+00,1.101892604722414931e-01
1.096468133473291973e+00,8.955126116196863995e-02
1.205913244648458171e+00,-1.482835694690928241e-01
1.230024655231320097e+00,4.134912847034596384e-01
1.209587255839678077e+00,1.181538195808128425e-02
1.240753921036771956e+00,1.640242351372384333e-01
1.101262784916737347e+00,4.181943414315591467e-01
1.179347631225837967e+00,4.358019117889949667e-01
1.341424517545613870e+00,4.566067284419360606e-01
1.150060048313528149e+00,-1.173581189556058557e-01
1.259274639246385163e+00,5.271265262232572857e-01
1.276868386617237450e+00,4.653967409131767874e-01
1.233841153756082498e+00,5.336374143635338463e-01
1.416079102032438364e+00,-1.093324904678244502e-02
1.063907821846675095e+00,1.756971903742171326e-01
1.156353462054635850e+00,-1.856217379755471103e-02
1.162516451758155656e+00,2.845722981834814536e-01
1.452673882976462050e+00,1.770262611910709272e-01
1.255565292444051684e+00,7.705290780105700579e-04
1.067913022773769427e+00,3.166107879127079694e-01
1.083391787788260840e+00,1.094965221071995398e-01
1.164504336061626066e+00,2.169378137862876255e-01
1.056873933454278491e+00,4.245848182609650578e-01
1.256699423183196940e+00,5.850226535768670022e-01
1.481927076190839410e+00,5.927085953922339723e-02
1.421950520897404147e+00,3.673080483384470463e-01
9.780272360684234556e-01,2.131027575797817264e-01
1.241340625681379040e+00,3.548609477395716083e-01
1.124971573378229506e+00,7.526920413850993197e-02
1.260584695370489561e+00,3.978236102980388655e-01
1.057115543954478820e+00,3.885233426213862695e-01
1.235868872026542498e+00,1.607216623018180579e-01
9.772996534579008188e-01,3.272097595420393468e-01
1.299719390066184754e+00,4.673195264192780973e-01
1.244625460788890248e+00,5.559495829615106466e-01
1.003675280591924013e+00,1.198705652396859708e-02
1.043320275993127932e+00,2.685667357572592007e-01
1.345338248843868101e+00,5.728146225726257201e-01
1.034622894148482075e+00,3.244107335816750481e-01
1.045492364841298816e+00,3.143267809111536804e-01
1.008148828994904544e+00,2.185538063179860435e-01
1.411188128648179330e+00,9.611363048576024304e-02
1.218518010898038462e+00,3.088087187733402211e-02
1.261336002698700165e+00,8.772538146641190027e-02
9.567446306913888199e-01,4.187981539709306755e-01
1.152158718329088005e+00,7.242916311262789786e-02
1.155782402508403361e+00,6.260865117006028657e-02
1.323985128223533092e+00,5.345104575433232696e-01
1.109403899305170249e+00,8.418342342775020359e-02
1.094169080771819624e+00,5.691625020086263920e-01
1.031776472868541461e+00,3.984526613799040384e-01
1.191458300891966360e+00,3.668409675745232246e-01
1.097102208520985167e+00,2.654669193330916332e-01
1.171337366315209794e+00,4.559965505631146665e-01
1.340338157760671667e+00,7.454976186624735768e-02
1.090168515592848664e+00,5.927197181754926270e-01
1.279810197613524769e+00,5.545516216274491983e-01
1.332614884016656731e+00,4.741178395848924532e-01
1.403564575840178685e+00,2.703606976267805551e-01
1.072562367760749646e+00,3.386962356129053497e-01
1.178648718428658482e+00,2.525472139437710539e-01
1.370656298715498433e+00,2.558831993928843973e-01
1.156011856712123809e+00,3.147122745614086559e-01
1.433994470379629238e+00,4.176899434332669303e-01
9.826806596992369025e-01,2.423002671534191521e-01
9.983186950985172281e-01,3.296022111222470796e-01
1.006224427185375303e+00,5.538510696640162045e-01
9.246634252338339355e-01,5.377678283742348686e-01
1.016363838876235937e+00,3.537510825881152177e-01
1.172821566628105217e+00,1.498351298523802611e-01
1.218951162255535792e+00,5.945140817359726437e-01
1.360621561682904268e+00,4.890527519804214185e-01
1.176854184253268043e+00,2.377069266300812778e-01
1.249412602197042199e+00,8.140186336601697992e-01
9.918326260391621130e-01,5.024682306963982326e-01
1.016028243491451821e+00,6.066654557148045690e-01
1.306496666718487853e+00,6.710702904145356973e-01
9.658842436864453207e-01,4.678637047491289169e-01
1.006069945566665291e+00,2.543405992491843404e-01
1.090490478689162046e+00,2.702711653106626422e-01
8.627985790376885289e-01,5.681133169708787456e-01
1.103486209377175564e+00,4.104241071868418578e-01
1.368458113093116379e+00,5.190929775847610284e-01
9.989167792166313564e-01,5.807758245545528997e-01
1.425662807393141440e+00,3.910303029171177114e-01
8.691116624109509470e-01,5.844242844485973976e-01
1.064001348542982672e+00,2.839994662963730154e-01
9.530044395218417730e-01,6.471988885848417583e-01
1.028230254429814083e+00,3.660774127460829086e-01
9.941715198563908507e-01,3.159593953782276476e-01
1.001190333866697868e+00,3.064243341808211563e-01
1.046336043616447053e+00,4.502272464659482498e-01
9.135661505364449653e-01,5.670081230443696496e-01
1.227147021497658308e+00,2.375499965870438990e-01
9.311717127120369142e-01,7.638600175505889656e-01
1.016711789463958793e+00,3.658512065197565555e-01
-9.994388434290629730e-01,-2.866751822821614892e-01
-1.046902058746379094e+00,1.340991685443998771e-01
-1.248259354828945122e+00,8.138351904619313404e-02
-1.385830304533480772e+00,-2.512579128435104558e-01
-1.419520135630399915e+00,-5.661796471347388393e-02
-1.164716607942007487e+00,-3.832382961337611471e-01
-1.267779886970267222e+00,1.437401108503760239e-01
-1.482878681885522409e+00,-1.284603307650532544e-01
-1.487007842826951309e+00,-1.859718623553536787e-01
-1.462740425057906579e+00,1.727346423354338689e-01
-1.056692552996385315e+00,1.016098341899661535e-02
-1.394476825873760539e+00,1.642873877170757113e-02
-1.416560791641876982e+00,3.401875894832858543e-02
-1.403282085303224402e+00,-3.672993968333494036e-02
-1.437694380699371610e+00,-4.231532554904246513e-01
-1.165686333422944587e+00,-1.643130478586057042e-01
-1.478003212729181115e+00,-8.509388259935855847e-02
-1.071963917312098502e+00,3.355883981158887946e-02
-1.253273429335080236e+00,-4.573137122467019755e-01
-1.203781737187393563e+00,-8.966275943798114600e-02
-1.459421753474212657e+00,4.109890378845604958e-02
-1.244194467885464839e+00,-1.879834704118485966e-01
-1.331967336478626196e+00,-9.866941196500675360e-02
-1.416026439791076674e+00,-1.534723782052249685e-01
-1.337213004868923472e+00,-4.733012537866053762e-03
-1.152215102855112638e+00,-6.398420462910135720e-02
-1.273332033704400734e+00,-5.248251470281107833e-01
-1.152770335472620422e+00,-3.854296086137799504e-01
-1.388077774562009425e+00,-5.363036481962061425e-02
-1.195247022472697651e+00,-5.481667380113911525e-01
-1.111600431373032771e+00,-1.873270689795780430e-01
-1.030423211384840165e+00,-1.352819451473681600e-01
-1.192102011043255638e+00,-5.634017204177395044e-01
-1.234348995540486493e+00,-4.617131177544849252e-01
-1.068127393496478339e+00,-1.234992624332620637e-01
-1.073770869321411192e+00,-5.494215782282979577e-01
-1.313302333691429347e+00,-6.408391311719600081e-01
-9.972170850922147389e-01,-1.697627280909958514e-01
-1.136875215496172098e+00,-5.757363926136910282e-01
-9.558888267629012114e-01,-4.293550568671660739e-01
-1.249239959776421660e+00,-6.739610056932391347e-01
-1.037095193818184713e+00,-5.551133882395966612e-01
-1.119775324487907842e+00,-2.200775581710011919e-01
-1.008987681258751268e+00,-1.777440567224340684e-01
-1.178475370222854535e+00,-3.396429141558048037e-02
-1.164311850985179531e+00,-1.359236513467164675e-01
-1.292266031038153740e+00,-5.516627802179343565e-01
-1.273074820577140720e+00,-1.840513112131818563e-01
-1.241232933911341485e+00,-3.002866796719897216e-02
-1.381212431258138418e+00,-1.984182757194126734e-01
-1.137418088169542152e+00,-5.164639829360447021e-02
-1.447868161171247836e+00,-3.347039918026520344e-01
-1.174739750881949263e+00,-2.836963585843112479e-01
-1.163162961740375145e+00,-1.274955664894291962e-01
-1.174910523694952191e+00,-3.022682813089288545e-01
-1.026417412761357451e+00,-2.537324674330225793e-01
-1.230150596906520954e+00,-4.613683047847013108e-01
-1.362529787097139344e+00,-2.297753218473725378e-01
-1.140620783049909326e+00,-1.637718919028392506e-01
-9.929454673869482217e-01,-1.576501715466776254e-01
-1.145464541372270828e+00,-5.204998329632039011e-01
-1.230135812537188400e+00,-3.808557890560398951e-01
-1.358461477859536526e+00,-6.144579936954309707e-01
-1.088000000363523734e+00,-2.352024859517878319e-01
-1.239475277809167775e+00,-2.476856389910422618e-01
-1.177202897079330901e+00,-1.948259061976924389e-01
-9.743245838280462090e-01,-4.611430003533990574e-01
-1.170020369886953793e+00,-4.609819784812601018e-01
-1.143011946036662119e+00,-2.011216667832423644e-01
-1.020304280840804489e+00,-4.510588097566504140e-01
-1.200258448002403444e+00,-1.659446517200349192e-01
-1.304485648424664745e+00,-6.958199712461985431e-01
-9.149717848798792907e-01,-6.113007103777914342e-01
-1.475197087956253483e+00,-2.061691097542306672e-01
-1.252023322467194610e+00,-6.271937832319024464e-01
-1.119565702971660581e+00,-5.359308521512753387e-01
-1.214057289518572835e+00,-8.101111519764498947e-01
-1.069439627926365599e+00,-4.661761703629103692e-01
-1.099711162767302630e+00,-3.797558369413744916e-01
-1.081169178651469220e+00,-3.802139390681343878e-01
-1.174687591887822125e+00,-4.697974668036382639e-01
-9.128801141222409044e-01,-5.057058208425185830e-01
-1.035909892027924384e+00,-7.096056439920349623e-01
-1.451142735918577342e+00,-3.664642517168760771e-01
-1.412660946326540934e+00,-2.525608690085951458e-01
-1.156263677356899056e+00,-2.532021419224321779e-01
-1.106659346970274571e+00,-2.778572279553861435e-01
-9.720311144040624241e-01,-4.261055652059838605e-01
-1.369119742770407600e+00,-2.347991759413426138e-01
-9.557680589962359585e-01,-7.049066833657007258e-01
-1.396498492665737112e+00,-3.401408386721930799e-01
-1.251224587875244598e+00,-8.053093721325123022e-01
-1.103114943618193289e+00,-6.227151084356681299e-01
-1.165937556161461330e+00,-9.011182910998783990e-01
-1.187418402192387035e+00,-4.397472208759716783e-01
-1.340688327217819387e+00,-6.528763072866561323e-01
-1.104999920874766284e+00,-7.767638382025201516e-01
-1.331926055766127881e+00,-3.772386714472736879e-01
-1.281782528007264554e+00,-6.770554508472665933e-01
-9.134753802280177748e-01,-6.476718942831489745e-01
9.694818914326901460e-01,4.962693709319870861e-01
1.053508919302316382e+00,5.647720925370722789e-01
1.285368062892468632e+00,4.559455158690752241e-01
1.193148238355670410e+00,7.234680371336433824e-01
1.340590730459408242e+00,6.083977944540928107e-01
9.091451463067107275e-01,5.997087510107376174e-01
9.336722131916942446e-01,7.892973759063555139e-01
1.034374158673098343e+00,3.161853435004355339e-01
1.353263135850570675e+00,4.415984113788629095e-01
1.061326276424041870e+00,6.278722567611205729e-01
1.385595206882188846e+00,3.796253750857733755e-01
1.297622983742620528e+00,5.028445625661215335e-01
8.936107381619869949e-01,7.048347022484766633e-01
1.141963344049557794e+00,6.077129624384960405e-01
1.011466763029035043e+00,7.096069776317073252e-01
9.261427093330787397e-01,6.158984460085592527e-01
1.182376797296127435e+00,3.166098747479099140e-01
1.091649216888406437e+00,1.022290335346192736e+00
1.203328053945956322e+00,5.928464630568186511e-01
1.050457828761587109e+00,5.403173790937378929e-01
9.714779371919309847e-01,8.793302026578163622e-01
1.362227122780899746e+00,3.885038971683580922e-01
1.093785719354851915e+00,3.406143481865548384e-01
1.237558180088962123e+00,4.414118843407758286e-01
1.393850721064437748e+00,5.206968185175219199e-01
9.262894119855067387e-01,8.234762922661660323e-01
1.313935922382984955e+00,6.240528993971464766e-01
1.099442450952761607e+00,7.170753466525257025e-01
1.016641901519180546e+00,3.511203413456708833e-01
1.239088124740140184e+00,6.844058108695364462e-01
7.605415726868511861e-01,6.913782206508234385e-01
1.307919032673249493e+00,5.848030010527669464e-01
1.250314478019487918e+00,4.315476807775628365e-01
1.115778344836379388e+00,5.532694373631182883e-01
1.120164810131271116e+00,5.622162995051849244e-01
9.909047232429017971e-01,6.369518007956944672e-01
9.589732917675132251e-01,4.634237998887519860e-01
9.375183182675727034e-01,8.766227129635991711e-01
1.139535542728734363e+00,8.675553863968931134e-01
7.117872186682170366e-01,7.343824128897045167e-01
1.162236135213874810e+00,6.910596395555467231e-01
7.145719148697483591e-01,7.762478877276222100e-01
1.256071232663843684e+00,5.007521034224405865e-01
8.881249779327263782e-01,5.641859060102087930e-01
1.135115725241465423e+00,6.202700545198097659e-01
9.772331870519836983e-01,4.649099076264663899e-01
1.271803757089056797e+00,6.310312540676994431e-01
1.173541719775918812e+00,5.058865088216344397e-01
8.604602360191639931e-01,9.293180378276336695e-01
1.141942403388794158e+00,4.392848709786109085e-01
9.377411514159044170e-01,6.641341391053909859e-01
1.056683883455769690e+00,5.177610615638311709e-01
8.127683577077357002e-01,6.200980182120545692e-01
9.410055363805341910e-01,1.068166664476133398e+00
9.894844897770003200e-01,6.409392481279311271e-01
9.490941807206303427e-01,5.668190126999647083e-01
9.898197093880645170e-01,6.561910174536577101e-01
1.023242466277717755e+00,1.013756104821297965e+00
8.269507068968351415e-01,6.536099172158218451e-01
8.365556160223149851e-01,1.040264395036366585e+00
1.137650735157165860e+00,5.059188828000070748e-01
1.023569675573518634e+00,6.357856496457698903e-01
1.129464262960869769e+00,5.352064697095214596e-01
9.483621184143734562e-01,9.429948597192134851e-01
9.819361779393674938e-01,7.939905448387652998e-01
8.032827334231150695e-01,7.879347246075486533e-01
9.446955712280939998e-01,5.594653509448870299e-01
8.151836097244121726e-01,8.622535746336570384e-01
1.117887327413851217e+00,5.389957422982187829e-01
8.263429146811218651e-01,9.229591378104737842e-01
8.681020113772794922e-01,5.568596546102067002e-01
1.236547347155048548e+00,8.469023391048360327e-01
8.792057677185570741e-01,5.178930673234489745e-01
1.113077055494545275e+00,9.256346159365874682e-01
9.992568974635238632e-01,5.820459741266342801e-01
8.400643459143943836e-01,8.298810762225118376e-01
7.655971899635580780e-01,7.563935158899690592e-01
9.174193329367058558e-01,9.811155360165905170e-01
8.852788065312652277e-01,1.001733048835922180e+00
9.740245296374355766e-01,9.722803436722733395e-01
6.263847837109739469e-01,8.387313973293207825e-01
1.012353272000374060e+00,1.086393031116281493e+00
9.678120363392842540e-01,8.088368712151662310e-01
1.079134795104450095e+00,7.517936533486085926e-01
8.494168425499014630e-01,1.218508620837435164e+00
8.571618238309866022e-01,1.138435529647009670e+00
1.139134746709920654e+00,7.604634611409125666e-01
1.194202061170067886e+00,7.329205978659895093e-01
1.060309884308828554e+00,9.200988661644693423e-01
9.656812495479754066e-01,1.002363715335396366e+00
6.227288956615333326e-01,9.681808497172731398e-01
7.840972792428136939e-01,8.048697730464484668e-01
6.652033285021000664e-01,8.426380902446355403e-01
1.036004851651854519e+00,9.308750386139227340e-01
8.195634891895778873e-01,7.874904881127742229e-01
9.370702413027163225e-01,1.107573228900655904e+00
1.079015873530902336e+00,1.034514130916457830e+00
7.566063677291704481e-01,9.403054723316676133e-01
8.067334381524394749e-01,8.392993387359830582e-01
7.463990028915028496e-01,9.118850371545517142e-01
-1.449056616330412828e+00,-3.536938402680980253e-01
-1.085327238569625541e+00,-5.628046119303854455e-01
-1.037575972563104409e+00,-8.510407233365763213e-01
-1.216276503631087857e+00,-3.692795903841951666e-01
-1.244124090968855123e+00,-7.397550544438177278e-01
-8.744658551455348761e-01,-5.496037561438295027e-01
-7.870435594585336592e-01,-6.976022202035614406e-01
-1.080455867850310669e+00,-9.281643222050006692e-01
-1.061191680516203828e+00,-7.944430190024275307e-01
-1.404384990659182320e+00,-4.448282486443279060e-01
-8.294132623742653809e-01,-5.907991070661784416e-01
-1.171192579061009154e+00,-6.880750877044701230e-01
-1.021383340455664479e+00,-9.085040314615407953e-01
-1.079007896585719717e+00,-9.477905283993318664e-01
-1.081701348295852627e+00,-7.151194363348479799e-01
-1.116637786654720799e+00,-7.159885304281209395e-01
-8.735975812457505985e-01,-6.769238838425478688e-01
-8.779127674555032845e-01,-6.930961900782206531e-01
-1.016530782998127158e+00,-2.840013725493508168e-01
-9.419140635395241157e-01,-8.411391415936169125e-01
-1.062520904748648132e+00,-1.004934275630107621e+00
-9.502480702584065186e-01,-3.473401917760220448e-01
-1.043795778559918119e+00,-3.292560829454004856e-01
-1.212710294300080927e+00,-7.417014927974728833e-01
-9.354269842623407216e-01,-7.767320271210085281e-01
-1.068346925939915870e+00,-5.434131780737968542e-01
-1.005433465461100795e+00,-5.951789003443920256e-01
-1.037626773443918404e+00,-5.596593126001909724e-01
-1.219718099096213537e+00,-7.916738547676025473e-01
-1.086301780278458695e+00,-9.136087425088377234e-01
-1.104092202058146288e+00,-5.016507789968196462e-01
-8.255880137030614518e-01,-6.737590129955589591e-01
-1.067007985269396109e+00,-4.984111253571593125e-01
-9.440368167499735286e-01,-3.441878351369387357e-01
-1.105633643624444051e+00,-8.240375634558634310e-01
-1.042116162208391206e+00,-4.816695236565257110e-01
-1.215658157731903444e+00,-5.449924270699521012e-01
-1.066937034393401484e+00,-5.553379632518219422e-01
-1.022460296423397086e+00,-5.644630267409694868e-01
-1.205900481387062184e+00,-6.167591796815740102e-01
-8.784266123885841049e-01,-9.316093719106774973e-01
-8.946395046933515172e-01,-8.729862204149122507e-01
-1.112670368925014586e+00,-4.246291643868536081e-01
-1.056035333271406307e+00,-7.614672992162064835e-01
-1.151059233980139762e+00,-7.223276543613367240e-01
-1.071590753190665879e+00,-1.042229119637270385e+00
-1.156112643027632947e+00,-4.845834784783259463e-01
-7.738157729778889493e-01,-8.387736962753216119e-01
-1.093869827354855495e+00,-5.376139274929002676e-01
-9.408789407477815558e-01,-3.962281637818503843e-01
-7.731150963677887455e-01,-7.428004040218268988e-01
-9.705464554866095606e-01,-7.797722610108710484e-01
-8.543987697471061571e-01,-9.077107107883554127e-01
-1.107183889709513203e+00,-7.099646776094471479e-01
-1.204631639612825378e+00,-6.991416506158509847e-01
-1.005028961686577071e+00,-8.535260126565458183e-01
-9.299603698955838382e-01,-4.375590573668104444e-01
-9.600565196910041399e-01,-5.293222916270525769e-01
-1.073045314522316440e+00,-5.712169836101630427e-01
-1.196773402533909403e+00,-7.932617553109261310e-01
-1.144083842996385325e+00,-6.704625236944192768e-01
-7.541601931153095739e-01,-8.776728452516673329e-01
-9.786530497406561446e-01,-4.468669364855691883e-01
-9.581885124168804113e-01,-1.151170155155558650e+00
-1.268495321484930161e+00,-6.524557716526007134e-01
-8.417619786376896451e-01,-5.849987401124255859e-01
-8.279237146317142138e-01,-7.683098838378477069e-01
-7.982100828922252811e-01,-9.038006811101243487e-01
-9.100598739808608562e-01,-6.105427479753828823e-01
-9.384502097102699336e-01,-4.498213151959088996e-01
-1.056741816831166636e+00,-9.770284833134826874e-01
-8.585353693263788610e-01,-7.340162562777048372e-01
-1.095190047994233140e+00,-6.251636540238461048e-01
-1.180510137666556991e+00,-6.814114581270893645e-01
-7.195594056842332664e-01,-7.007180861545898587e-01
-1.112600982391500626e+00,-8.155363957356147608e-01
-1.152370662707904669e+00,-7.694497782140795605e-01
-1.042773534481112430e+00,-9.476411360531936667e-01
-1.104792097093453718e+00,-7.197870220435823585e-01
-1.110585732395400482e+00,-9.086065704926364894e-01
-1.069851782544478214e+00,-6.671009041712282484e-01
-1.153686726015665798e+00,-7.931854167310925519e-01
-5.938686695366762747e-01,-8.729110495490405297e-01
-5.973526073557345883e-01,-8.370232165598348040e-01
-1.003378822129849413e+00,-1.057101149424498843e+00
-8.767998340439968619e-01,-7.242708318047481608e-01
-8.382633381717211618e-01,-1.085011564993249911e+00
-8.732532119973374085e-01,-9.692807688734423888e-01
-1.054043186769641816e+00,-7.930862827426224948e-01
-6.978621486614862146e-01,-9.596356019868607090e-01
-8.630445286754310219e-01,-8.904179428625624837e-01
-1.159627746684166683e+00,-8.660778706448364339e-01
-8.292608476905228843e-01,-1.159182959452362827e+00
-9.294169079188723259e-01,-6.055905036284862097e-01
-8.469883917864449163e-01,-1.027451812160816935e+00
-9.563552294472438264e-01,-6.198493018112021247e-01
-8.087460932724266360e-01,-9.283394708943895068e-01
-5.535022681738721584e-01,-9.162608741862839912e-01
-8.158580621565874047e-01,-6.939804183122407766e-01
-7.185463858874102661e-01,-1.034769645054710807e+00
6.239284093516740404e-01,8.862339391461375726e-01
8.749041580282114206e-01,7.449974670880906702e-01
8.220196955415183249e-01,9.321861463239063950e-01
7.747199090826671908e-01,8.418475170108103978e-01
1.095860632453325767e+00,8.205883302764866993e-01
1.011241837544353261e+00,7.175422258346932924e-01
6.303887268161327828e-01,8.024246272352684173e-01
6.884818353767943044e-01,8.889364599845958059e-01
6.403185241349497181e-01,1.067810479836296844e+00
1.064545388707307083e+00,7.881172709933909060e-01
9.444827316093815650e-01,1.032463987111222226e+00
9.966904255103019583e-01,1.040567373401429574e+00
8.673470934255413933e-01,1.082151564968063528e+00
6.836122923926569728e-01,8.209011284238028061e-01
9.906627717249898435e-01,8.783457557119127568e-01
6.719924132626362567e-01,1.127609843322493033e+00
5.853012929284745480e-01,1.127813097598881376e+00
7.537227665971284463e-01,8.721111233155907083e-01
9.138879306677653025e-01,8.978069658907587014e-01
8.574962858943733224e-01,1.088647368560496931e+00
1.007645790476116021e+00,8.781014497953838482e-01
6.433775119673078580e-01,1.162529566053317032e+00
7.022270037216188365e-01,1.251017520171577857e+00
9.119657871195289145e-01,6.659744553903372832e-01
1.078410112799556009e+00,1.001678944706190677e+00
8.387753898225676075e-01,7.200708856503333921e-01
6.055983903434463134e-01,1.222889415556740023e+00
7.837148619147799034e-01,8.626359317094002277e-01
6.000481758579094826e-01,1.165580018451182642e+00
5.898991256856891408e-01,1.172502040940332391e+00
6.469359585712761707e-01,1.070821941706606273e+00
4.956674922187151999e-01,9.458040196534129862e-01
4.859806798186896426e-01,9.040912669852372296e-01
5.991828268405336999e-01,1.025599394790142505e+00
6.306018032112956639e-01,1.020568792883000286e+00
5.630071326701928669e-01,1.235306776755579206e+00
7.779968068035536533e-01,7.969908822036803064e-01
6.602054824296030855e-01,1.137210387356023977e+00
7.652846860587593225e-01,8.350288615605599984e-01
9.793104607003116913e-01,8.948410910228875581e-01
8.251309603628715905e-01,9.351428156463015284e-01
6.592425996022439616e-01,9.262371047234452259e-01
6.916581235726261268e-01,7.282243422966866442e-01
8.372812036283567849e-01,9.901850210796243612e-01
6.314241745808027995e-01,7.931749140596285885e-01
9.836942508908730343e-01,1.120200600031719729e+00
8.160396221434915720e-01,1.119266215800542641e+00
9.043372125256375904e-01,8.284438900318956689e-01
8.462662521343929933e-01,8.844455671868424185e-01
8.075972491265288600e-01,1.246415402529738481e+00
6.741834880105210814e-01,8.781607081289896088e-01
8.954984031181586479e-01,9.020165448659845930e-01
4.173771425484534281e-01,1.052283228084573530e+00
6.611033109057159463e-01,1.190891818473713837e+00
5.042722845758499384e-01,8.672984978294731029e-01
8.635604311123737942e-01,8.697185192916530028e-01
1.010370443579532651e+00,1.065014525198685780e+00
7.512676861658915684e-01,1.213069749497337257e+00
8.509426591193998135e-01,9.185973796639266276e-01
3.708271266130914179e-01,1.026458718022624339e+00
8.742170420077346460e-01,9.647057501170100968e-01
5.819842026482426878e-01,1.017357910938415433e+00
4.305032519234368027e-01,1.176307683259899983e+00
6.313450933719773062e-01,1.209709110220543282e+00
5.339248824744264876e-01,1.249273616941181331e+00
4.162477487083213190e-01,1.161379105485289553e+00
5.944453327442519308e-01,1.235032484695973931e+00
8.332093512382814371e-01,1.080079010724370514e+00
5.812311170020617590e-01,8.146685767284117530e-01
6.556093503799008682e-01,8.282508687128143920e-01
6.988987136381672460e-01,1.169013715947020859e+00
5.387841609117045572e-01,8.824058143802693266e-01
5.019702389714895130e-01,1.230332930874849184e+00
9.625104766054248806e-01,1.026431863097315489e+00
4.417360013633497839e-01,9.830820363746753943e-01
5.936834032427027452e-01,9.016132366116944574e-01
5.608951200933096626e-01,9.526106827545859357e-01
6.569595344937461112e-01,8.408889283211627985e-01
4.018776217677031970e-01,1.160723002076282873e+00
4.879218077122983166e-01,9.993618817101832530e-01
4.650332760813278288e-01,1.239271513328723318e+00
6.839880670294895548e-01,1.181027509735989245e+00
4.548658857100022490e-01,1.123297626838423158e+00
7.024299282728256877e-01,1.288628689703105845e+00
7.148447266290716140e-01,9.001196007612985994e-01
4.413254405738284980e-01,9.837279889193857318e-01
4.168594806900910443e-01,9.746571938752272013e-01
4.809390159709436841e-01,9.048633019331838723e-01
3.240981642827500120e-01,1.229572887461138020e+00
4.575231581548898085e-01,1.326663428781294840e+00
7.984551131763275578e-01,9.600820733464532353e-01
3.786898135927755371e-01,1.041912932369608802e+00
4.784886743248075169e-01,1.113907971367728456e+00
4.379708096469406842e-01,1.315996058882902053e+00
4.865461259877243982e-01,1.229469490753973382e+00
6.903752674835573755e-01,1.142666443368705487e+00
4.322858749676311563e-01,1.079208594866099435e+00
4.365930890891518423e-01,1.138083575913722223e+00
7.951506405564012780e-01,1.137464764338601553e+00
5.647598266820987867e-01,8.975141519611196106e-01
-8.338357313501556511e-01,-6.469405840587411083e-01
-1.031589307182460002e+00,-9.133223824183553941e-01
-7.069361547373863575e-01,-1.226227792534776873e+00
-5.434733373433554560e-01,-8.718421691870377188e-01
-1.034997680367539807e+00,-6.582141113619299766e-01
-8.326134595737830768e-01,-1.061086208025206146e+00
-8.713408474640444989e-01,-9.791000383498367210e-01
-8.337656952265575239e-01,-5.772311067481926683e-01
-9.289149214638671159e-01,-8.193426159476756565e-01
-8.862508443848085005e-01,-6.146384526844906881e-01
-5.867963980921561129e-01,-8.320930858786833584e-01
-8.773771778823336032e-01,-1.136329362757396044e+00
-6.462815406552868680e-01,-1.121331172922722885e+00
-8.591957168760602226e-01,-8.213588851074294928e-01
-8.030429739321399696e-01,-1.066337554268905530e+00
-9.463661235511319214e-01,-1.147902270571241612e+00
-9.865028235539835544e-01,-9.277741653928769372e-01
-8.638517018541725934e-01,-6.884208630554891073e-01
-5.913922490107011987e-01,-1.029702040467769697e+00
-1.067787180002688130e+00,-8.003296638404543417e-01
-7.496524601830673040e-01,-1.075428672236625527e+00
-1.049056584225235067e+00,-8.157422711749824362e-01
-5.901969306149783545e-01,-9.214582619932544238e-01
-8.674652843360840526e-01,-8.201295893804846360e-01
-8.950239540126809779e-01,-8.401439213483181678e-01
-8.787450445234800123e-01,-1.206239896567846914e+00
-8.224888258946332353e-01,-8.740197283164854447e-01
-6.939017882538571769e-01,-8.416957542161831451e-01
-9.425290177169532990e-01,-7.719321948417360302e-01
-5.004471708142724795e-01,-1.016691741755342937e+00
-4.762780941165516424e-01,-1.013852917640547746e+00
-5.406483200012216495e-01,-1.235782366113046038e+00
-9.415164558094651914e-01,-1.110511736835455121e+00
-8.771264014450504964e-01,-1.024745561032022856e+00
-6.812320945203713674e-01,-9.895665616623524619e-01
-8.531573793726887622e-01,-1.132725523014053159e+00
-5.567628730031747297e-01,-9.114887464984906540e-01
-6.222966669453814381e-01,-1.338768065148912667e+00
-7.347357910616737486e-01,-8.578390169772294183e-01
-5.289456694044532004e-01,-8.995956120241666021e-01
-9.509760983048844984e-01,-9.223428553865453683e-01
-7.414304870720308527e-01,-1.295496614370499566e+00
-5.407285994228662185e-01,-1.041134722537907731e+00
-5.585943378917022084e-01,-1.051307768378915597e+00
-8.416256007455094057e-01,-7.740306433968920929e-01
-1.001813431082229977e+00,-1.059695194261082385e+00
-5.302746258431293436e-01,-9.090767196627862479e-01
-6.674568542360184153e-01,-8.292352948355384834e-01
-9.543171177371465586e-01,-1.013831798354441593e+00
-8.038680329603477004e-01,-1.080283505825976098e+00
-9.437730858431950809e-01,-1.057521436230784539e+00
-4.945924423903269584e-01,-1.256457456377425119e+00
-4.554686398465183084e-01,-1.040041623031678908e+00
-6.486408762798298033e-01,-8.190245400090671035e-01
-1.032520152826825299e+00,-9.798660988916599868e-01
-6.973686020249968420e-01,-1.149688994587170887e+00
-7.669883969226115594e-01,-8.104498777662774156e-01
-4.362180076915583848e-01,-1.108959165799289437e+00
-5.804163787464020619e-01,-8.855545830529477636e-01
-4.872392833983143490e-01,-1.020812523733677812e+00
-6.350925972684687837e-01,-1.055837487396491081e+00
-4.470308724402303757e-01,-9.216096168954361900e-01
-6.673548089635413794e-01,-8.207104107108738056e-01
-5.639100807914029234e-01,-1.084211555505894653e+00
-3.307998435743952914e-01,-9.720925228468444423e-01
-3.700573906251448109e-01,-9.987593550212756632e-01
-8.172443260687888289e-01,-9.671283624527022837e-01
-9.687586276069533042e-01,-1.012732944960700987e+00
-7.533045415860014637e-01,-1.289503673591327448e+00
-8.769089558892845249e-01,-1.127619190748001987e+00
-5.581673550309789178e-01,-9.532362063379142825e-01
-7.698081717126332713e-01,-1.091714090571370477e+00
-6.743414806498843062e-01,-1.003652822325150407e+00
-4.886413426819157246e-01,-1.220936264296287099e+00
-6.920290597583690362e-01,-8.016392687742498468e-01
-5.907159662055959659e-01,-1.321827537548932341e+00
-6.615775679497807316e-01,-1.131391438600713117e+00
-7.086210617830103198e-01,-7.957833398709720507e-01
-4.334822505763129552e-01,-9.370674611391018871e-01
-5.472154967483588983e-01,-1.005649074921353581e+00
-2.930995877478068112e-01,-1.102661309199381545e+00
-6.383292006352382364e-01,-1.023819088234585006e+00
-5.151056849601822751e-01,-1.129364547549764231e+00
-3.734867965641638365e-01,-1.262491819092825596e+00
-6.277283930297276049e-01,-1.030027935059527833e+00
-4.892857746350114945e-01,-8.836843378149679129e-01
-3.460179407633549586e-01,-1.357072325195042728e+00
-2.330510449344718460e-01,-9.726305640415859877e-01
-2.927224911001525265e-01,-1.219121377138141282e+00
-6.419520801821000378e-01,-7.790228284049875995e-01
-8.438682718397260141e-01,-1.039876923846120960e+00
-6.121068268552359859e-01,-1.313364076628168453e+00
-4.302071212857865312e-01,-1.033749870420416217e+00
-3.930617736805721019e-01,-1.372616642007925547e+00
-6.806841673340393584e-01,-8.187137252308892554e-01
-5.615539140923624384e-01,-1.015521144098259221e+00
-6.455327223952668225e-01,-1.017196244592781351e+00
-2.905119367390119334e-01,-1.154922967048144011e+00
-7.771362126599890008e-01,-1.100500198969346144e+00
-4.767477140823329074e-01,-1.346292114271202323e+00
8.169454134222267072e-01,1.079061376195728394e+00
5.625323576588218133e-01,1.306453186578305115e+00
6.217824976232232403e-01,8.611967051486055791e-01
4.790295827702707454e-01,1.319426298351592974e+00
4.728855574094910641e-01,1.103830332732964603e+00
3.434982337201325509e-01,1.047400237105425180e+00
4.963081818951812219e-01,1.019836648563821058e+00
7.324788509217899923e-01,1.057927874883230590e+00
3.303047471171634553e-01,1.155461949793693766e+00
3.071045112284614409e-01,1.186774280644249835e+00
7.542741391847256338e-01,1.235746114865078127e+00
2.359021752739319522e-01,1.025110233938645532e+00
7.779454863492334393e-01,1.099111205305126848e+00
6.843978205457053043e-01,1.179981235519972804e+00
3.585130890894804301e-01,1.146762165082453544e+00
7.214525770125492787e-01,1.171012102896331397e+00
4.686170968824991401e-01,1.298712816989389784e+00
6.694147806522470212e-01,1.184837300278531513e+00
5.822073907677517424e-01,1.201383499011233980e+00
6.350179687557047092e-01,9.023774536984295880e-01
6.680956341849696445e-01,1.201619223815969528e+00
6.149602141537403588e-01,1.293998997029151887e+00
5.580781161349430697e-01,1.294444688966726043e+00
5.094730226835438858e-01,1.023705484084117323e+00
5.887222676743674166e-01,8.816496554429582577e-01
5.232890271969273810e-01,1.402907719647319640e+00
2.580266828511344479e-01,9.681040227421461308e-01
5.783234501695155849e-01,9.511981077843197907e-01
4.749325856093863929e-01,9.006784709368788056e-01
2.266579078315941742e-01,1.014348948197469680e+00
4.038236260316904747e-01,1.216216308377643829e+00
9.276528479863832555e-02,1.357116614919746445e+00
3.979876079627165941e-01,1.084736238616260673e+00
5.387643362044395312e-01,1.066480003695386314e+00
1.264703218986773792e-01,1.252271501354579764e+00
5.323012416469377062e-01,1.044768055438165977e+00
2.111230150710944331e-01,1.376402940858098667e+00
6.664889781166742910e-01,1.336239462423630009e+00
1.193391947018315469e-01,1.204276484667610392e+00
1.967548762851387689e-01,1.402189518534134649e+00
1.860718086008548156e-01,1.193478757563340098e+00
3.669467832797755347e-01,1.186539021097312130e+00
4.725374759269281300e-01,1.386888170717560653e+00
5.679767858216864390e-02,1.373160458999274303e+00
7.585112314998618266e-02,1.248493442888759075e+00
6.228311327074828041e-01,1.246699268869503552e+00
5.690863149674815213e-01,1.014756361078799296e+00
8.950795614048107085e-02,1.080098169885928439e+00
3.684750125805798526e-01,1.243946254961674880e+00
3.601824605778249921e-01,1.039825489274742942e+00
2.061706883903010601e-01,1.071475767622511954e+00
6.512874734631865503e-02,1.109577741522655536e+00
-6.031689897200114350e-03,1.092868227720105168e+00
5.378996105265601013e-01,1.017846762885115330e+00
4.978931735131756353e-01,1.014870546291735343e+00
1.020725306591685894e-01,1.028317650312375431e+00
4.792684394024119832e-01,1.242130462708881611e+00
4.959622312757250850e-01,1.131600717304825698e+00
9.602663195932202534e-04,1.093466336025057384e+00
3.923083105194092313e-01,1.351111954043764163e+00
3.897601886174487662e-01,1.350043870136952151e+00
1.381816935754955414e-02,1.110599057802519773e+00
-5.116281695303719762e-02,1.428496139427852585e+00
6.908746354812579649e-02,1.354436599178046263e+00
2.863349685033568237e-01,1.344519421537981207e+00
3.047804180745671832e-01,1.397465380651672584e+00
4.743287169608578074e-02,1.275469785519124155e+00
1.191011362408708751e-02,1.123344028207418965e+00
3.009788226970213851e-02,1.422742888677917428e+00
8.761751895227323783e-02,1.175501324257517632e+00
3.621047751033570211e-02,1.009714838404005999e+00
2.929989789735169825e-02,1.490790360685272153e+00
4.157030797221047957e-01,1.420304140964965711e+00
2.642870351971498000e-01,1.021178500282104773e+00
1.335461157869445581e-01,1.271760525877397852e+00
2.112940503205690546e-01,1.162680642833986422e+00
1.769064845666351860e-01,1.319783387918632034e+00
1.333251388775337498e-01,1.066181426421847656e+00
-2.028691509723941442e-03,1.396905310574132697e+00
1.678477779688377636e-01,1.191238774461070404e+00
2.576266411607094908e-01,1.271474148303354923e+00
4.981937119337022379e-02,1.163438385472428171e+00
2.480036396676438271e-01,1.054733574012238329e+00
3.835529912579618839e-01,1.286832681551497215e+00
-1.506562060318176188e-01,1.351971306563131581e+00
4.357431847368288813e-01,1.296703947615998054e+00
3.618874865848794586e-01,1.430425180953973197e+00
2.918955694231968323e-01,1.182623445280087227e+00
7.383244436234676078e-02,1.490990346352039975e+00
-7.943320246986114441e-02,1.010904501420783808e+00
3.650032024651531648e-01,1.371647094554687918e+00
-1.474695483307809363e-01,1.470944426123871995e+00
1.159467648445948046e-01,1.095325004361964893e+00
-1.449850419835863602e-01,1.167236669417674788e+00
3.233053732287803905e-01,1.130511373226984473e+00
2.539615277441195085e-01,1.336585318763469088e+00
3.856091341768015934e-01,1.101770978274759560e+00
3.488030059709637531e-01,1.121444439657288461e+00
-8.732851656236006316e-03,1.484290288139435976e+00
-8.918708963513385934e-02,1.222115289031043384e+00
-4.135894494573326696e-01,-1.239445720985085986e+00
-4.039034112759102291e-01,-1.362505084000335209e+00
-5.177299360310330112e-01,-1.032815539919615055e+00
-2.155696328667933426e-01,-1.312304806480586450e+00
-4.575237422099058815e-01,-8.976168581127578205e-01
-7.157033837914553720e-01,-1.051410857100275154e+00
-3.642033290132507539e-01,-1.147246597166936777e+00
-2.177252529111054491e-01,-1.092854948825400685e+00
-2.219648927591415799e-01,-1.210617243729229742e+00
-5.148401685969751229e-01,-1.078087108789470117e+00
-3.257235263159588556e-01,-1.112605841279393104e+00
-5.088483181245830878e-01,-1.049276436679349001e+00
-2.833333448289548917e-01,-1.408622462710675372e+00
-7.968985716234054939e-01,-1.103954912340448402e+00
-6.433544695157504822e-01,-1.000802953158212993e+00
-4.324722599158916658e-01,-1.262669839821501050e+00
-6.803561710019664366e-01,-1.058076488440670815e+00
-2.960619017013542686e-01,-1.465364366479019909e+00
-2.520012838644085651e-01,-1.245853163996149648e+00
-1.468450655335609145e-01,-1.162853111252525773e+00
-6.627768301428581532e-01,-1.274656793409109312e+00
-3.194854986943478914e-01,-9.612730991371767342e-01
-4.162666118327694176e-01,-9.973498208865140269e-01
-5.130804418215922924e-01,-1.316698743795562843e+00
-5.184623370373238060e-01,-1.401593705319433836e+00
-6.163475958561825951e-01,-1.186530848004735628e+00
-5.151443651546891989e-01,-1.391763069281381604e+00
-5.278572069174977122e-01,-1.358129686150985060e+00
-1.954689101505737436e-01,-1.119687678900400885e+00
-3.855621668924149592e-01,-1.259007081561914099e+00
-1.568324012842083337e-01,-1.316233364527397587e+00
-2.958205777727185293e-01,-1.313753833563853224e+00
-7.200400807140732162e-01,-1.186493738102536222e+00
-4.873793828566208020e-01,-1.338931921678794046e+00
-2.175216557116462501e-01,-1.179287688211540619e+00
-1.103623578668274374e-01,-1.326061778412952030e+00
-5.067705933688239073e-01,-1.234702703864187345e+00
-1.044639082024532567e-01,-1.035145810987808446e+00
-5.167946371614755563e-01,-9.920553643641490948e-01
-3.402687930823942164e-01,-1.298853906443821371e+00
-5.140804344280830440e-02,-1.264797720736463571e+00
-3.282367276199812944e-01,-1.016574490844101009e+00
-5.376859150595675318e-01,-1.192081172883601825e+00
-4.010345281664426942e-01,-1.183734714605086280e+00
-5.722713499133057491e-01,-1.102943968018618159e+00
-5.857640546857537656e-01,-1.182729969994570585e+00
-2.486165464929765145e-01,-1.268105093988308285e+00
-2.549303917615721726e-01,-1.055920069370297698e+00
-6.565999254710380706e-02,-1.263386233358505528e+00
-5.201993406463487624e-01,-1.216628833805883270e+00
-3.089404169777118514e-01,-9.774285869513176239e-01
-4.415169287929087139e-01,-1.408796186143369988e+00
-5.633171559497768266e-01,-1.280057791212151574e+00
-9.190920037318134339e-02,-1.020572450602630132e+00
-3.562698409710358116e-01,-1.010835684064860907e+00
2.279770805672362566e-02,-1.115460151430116342e+00
-2.701306343113887842e-01,-1.204400364313515048e+00
-9.569264862658703741e-02,-1.001876395181341417e+00
-5.112705610953670599e-01,-1.319267696995610972e+00
-5.956808390570152989e-01,-1.242449330490437820e+00
5.036054231866575470e-02,-1.258686259692517018e+00
-3.113553356396321359e-01,-1.070520034917705976e+00
-1.623098113989625002e-01,-1.246108883944127665e+00
4.912536906905017736e-02,-1.255935510731346127e+00
-4.551441359928842106e-02,-1.315230540049432406e+00
-1.253686528610146733e-01,-1.299887457130933344e+00
-2.175481208772193642e-01,-1.143207446820958095e+00
6.699629442984369153e-03,-1.312063939830518500e+00
-2.162630830536244886e-01,-1.352908996991937451e+00
-5.460587360797917178e-01,-1.332169596718833837e+00
-5.302969160701693357e-02,-1.119324415775643233e+00
-3.776412841248459606e-02,-1.457195340480557766e+00
8.635388066129719153e-02,-1.459237699946522415e+00
-2.843026807844477588e-01,-1.225197528746670761e+00
-3.381144238060266871e-01,-9.476744831665265822e-01
-2.414970522453012969e-01,-1.390782046486188195e+00
-2.935849513340129668e-01,-1.437508672300236823e+00
-4.801837807296299721e-01,-1.138509540679883747e+00
-7.730385566256590957e-02,-1.147035126676239525e+00
-2.260805953692300585e-01,-1.071632880896991713e+00
8.132873454149983083e-02,-1.011003307089333836e+00
-1.322292715148557229e-01,-1.281931366431676933e+00
-3.129414871216669725e-01,-1.438050053862942379e+00
-2.548148686901458015e-01,-1.217412439641293975e+00
-2.967173625246683488e-01,-9.927783968165982964e-01
-4.097762578776644737e-01,-1.108957187425178903e+00
-3.662718720390330529e-01,-9.822785364060373503e-01
-3.623783729186966229e-01,-1.208101912854339099e+00
-3.916408880902743639e-01,-1.018598704095161622e+00
-2.377047331774327366e-01,-1.315620232081009089e+00
-2.186081479593573462e-01,-1.294396745541752436e+00
6.983142705214651080e-02,-1.033203300795812130e+00
2.178064430529786100e-01,-1.463761184756557254e+00
-3.414138198356865828e-01,-1.123416030420355982e+00
-3.858748391292489699e-01,-1.120342014945436171e+00
1.534469623408488415e-01,-1.138354580144968375e+00
-2.310937269683065731e-01,-1.023018262800007738e+00
5.296132834771438008e-02,-1.250198342094501314e+00
-7.928579309154513977e-02,-1.140237487249846859e+00
2.153874361189350439e-01,-1.330448266775315469e+00
1.894654769383889159e-01,1.107024360920820127e+00
3.821278888620708303e-01,1.376753071951909435e+00
3.521562875006760129e-01,1.367722503888959329e+00
-1.062462189663481299e-01,1.309761831701799162e+00
-6.726906065373314259e-02,1.398257232902421210e+00
1.813292449039241028e-01,1.482295109357688379e+00
2.259971250516040146e-03,1.489121360877873279e+00
1.880103501397006049e-01,1.487998660607795953e+00
1.866980194983131058e-01,1.402098584705376405e+00
3.631580652313978752e-01,1.364476782451451431e+00
-2.115947139750680439e-01,1.343554994545214099e+00
8.942393842537499360e-02,1.108180332305966020e+00
2.331925731704814764e-01,1.326214410548749223e+00
-4.663615183089310501e-02,1.224904305335791088e+00
1.289738842949157138e-01,1.136098261714675317e+00
-2.378146739256402076e-01,1.073539980354290879e+00
-2.697325801587452387e-01,1.272834358572157099e+00
2.265781522157922778e-01,1.011906993865637538e+00
2.768028171568300833e-01,1.243613091916861535e+00
3.932526098008611720e-02,1.172481227478806787e+00
-1.215949746058336139e-01,1.006743485471941701e+00
-1.370782642901662296e-01,1.027716400453019929e+00
3.121579571120821628e-01,1.319180232492850324e+00
-2.540270735654867051e-01,1.097935604649482588e+00
1.580719389643887307e-01,1.302155407636016671e+00
-4.814736596522335710e-02,1.467682263588924840e+00
1.978439625177497718e-01,1.427945153581744231e+00
-1.073598926341918364e-01,1.366995109393920993e+00
-2.132306566844891296e-02,1.195263028285242335e+00
1.675828683772559169e-01,1.436375314250953661e+00
-2.896349018188505431e-01,1.409742808593062557e+00
1.808574936817649026e-01,1.264942380551615564e+00
-1.970445277909878834e-01,1.417109546329669012e+00
-2.392775247862448107e-01,1.418302095480173941e+00
-2.107075853000293930e-01,1.221386935220776904e+00
-6.790405079462477622e-02,1.348947691355995460e+00
-4.054088695711650092e-01,1.399049117140164888e+00
-1.532341987918188764e-01,1.331659157878324340e+00
1.538326943176756001e-01,1.095451619258219322e+00
1.769259103340798112e-01,9.952371274990099437e-01
1.796164857434655038e-01,1.233392842181274762e+00
2.080117972374362009e-02,1.032822448335247278e+00
-3.175543696205104793e-02,1.144553462602322158e+00
-1.875309787086892610e-01,1.271313951135906395e+00
1.699186323338253424e-01,1.282240694050993612e+00
-6.108737358718491217e-02,1.309833037888773033e+00
-3.106189951464465304e-01,1.429182541346975643e+00
-4.388050465323922733e-01,1.291234072073578876e+00
1.576182596367700084e-01,1.237331037312173532e+00
1.219830519219703424e-01,1.250663548739435527e+00
-5.037163143068953408e-01,1.403260438586397374e+00
9.233649825286695256e-02,1.485633987074985951e+00
-2.483857448967698722e-01,1.256319282489197331e+00
-2.896855071131223536e-01,1.158988152041770414e+00
-1.614256734187681785e-01,1.083001345671902538e+00
1.377823946792383902e-01,1.139171393580636238e+00
5.728228816924916394e-02,1.026892164934129381e+00
1.666150500009106750e-01,1.489319166540362893e+00
3.880375588431560913e-02,1.050696574428303887e+00
-5.963808763644266875e-02,1.083907804017751664e+00
1.074490654899278863e-01,1.212168043962740915e+00
-3.064539265793602696e-01,9.784061496777252120e-01
-6.442150162215387610e-02,1.163662228895152584e+00
-4.244599657230330725e-01,1.091931401403030577e+00
-2.953274343460576268e-01,1.038306679045954750e+00
-1.652282189249338618e-01,1.007571824353173495e+00
1.114144847668723098e-01,1.368120201156631799e+00
-4.398242424176758945e-04,1.269676278909892320e+00
3.866081318329454147e-02,1.111827584870031194e+00
-7.769608419755337503e-02,1.119262794022263252e+00
-4.591050652401730270e-01,1.394986990487933509e+00
-2.411736806015951640e-02,1.369501698521155442e+00
-3.291994545996867472e-01,1.223634679306319528e+00
-2.093869400448699625e-01,1.292562362495450534e+00
9.442959870038292181e-02,1.435621224738222512e+00
-1.238179569116178574e-01,1.216165735253078362e+00
-2.101971482572672079e-01,1.415664321190475583e+00
-2.136736719984721478e-01,1.373251558032785091e+00
1.372180624260054341e-02,1.218408875189358920e+00
-5.118407942682102751e-01,1.299592400283579696e+00
-2.898809403934226037e-01,1.338055237675962239e+00
-4.194357645957983993e-01,9.477296697789809876e-01
-5.433393949872438178e-01,1.112130157311934209e+00
-2.298875023050164224e-01,1.290116168761661797e+00
-3.471465797807567477e-01,1.283523709107923683e+00
-7.827639704431565981e-02,1.270550961979749482e+00
-4.612332924238033982e-01,1.085597589608183089e+00
-5.028366045768989379e-01,1.296742023856297221e+00
-8.527756615989626199e-02,1.163903264357449840e+00
-3.948024593811516048e-01,1.089312069501398694e+00
-2.079048564834158341e-01,1.008042588153898578e+00
-4.926371625452973246e-01,1.051375716867121390e+00
-1.839748139496443224e-01,1.009773874822390116e+00
-2.667127885551593552e-02,1.159425594152533545e+00
-3.109386981234553704e-01,1.408916698474051321e+00
-5.031293229508266851e-01,1.212859670047815808e+00
-1.096407778780684322e-01,1.000385631264225861e+00
-6.124424832229393711e-01,1.283409245664792309e+00
-5.555615737165919832e-01,1.367803227153303158e+00
-2.153505250180136332e-01,1.059321881728885417e+00
6.120203093216858986e-02,-1.040900270082013357e+00
2.009910752010560797e-01,-1.168508642834384714e+00
2.587211718747916001e-01,-1.444023741651686565e+00
-9.853049729581107863e-02,-1.119099614078277183e+00
-3.499240180838180114e-01,-1.108216076543006023e+00
2.721720236975909701e-01,-1.373027447243007515e+00
-1.565783129634880644e-01,-1.182178139323636579e+00
1.071388753696403129e-01,-1.375648477320612129e+00
7.595204647207008664e-02,-1.161865066021832815e+00
1.362782432209477812e-01,-1.178548621893216186e+00
-1.935180635740839095e-01,-1.037638930531677550e+00
-3.674426150262464219e-01,-1.269038946891690944e+00
-1.423578506993949666e-01,-1.402302958901427532e+00
-1.216540926772732428e-01,-1.051703184109790357e+00
6.009947348427358005e-02,-1.383227221613976488e+00
1.399970625980535011e-01,-1.283393552457172460e+00
1.906135786004807455e-03,-1.108798910748316935e+00
7.450792567158691024e-03,-1.222684821297986169e+00
-4.648373063076547372e-03,-1.210834044884628202e+00
-4.598280041606655349e-02,-1.197855646882024061e+00
-2.726659723739984775e-01,-1.393698210239295854e+00
-2.100820502987703065e-01,-1.167482028571253938e+00
2.404402047197291004e-01,-1.379540613823347694e+00
7.817689357198011335e-02,-1.113178026252521491e+00
3.042648497814387509e-01,-1.231305749003445138e+00
-4.476691275433221373e-02,-1.094636537349599203e+00
1.405175589292192162e-01,-1.002131265467387067e+00
2.015491209794033345e-02,-1.091295623911888280e+00
-1.353481530017762169e-01,-1.260975130467015815e+00
3.255905236985033313e-01,-1.279530914632160510e+00
-1.451028047652205000e-01,-1.231743798844976645e+00
-4.267590396529762076e-02,-1.026876831412435909e+00
-1.522451928418188105e-01,-1.431138470658201545e+00
7.311184208282771324e-02,-1.273403213542960266e+00
2.770680527747543809e-01,-1.090731741807237976e+00
3.130806463014532692e-01,-1.244903395645026611e+00
-1.698192715059351765e-01,-1.050954165646740712e+00
2.378945719263650393e-01,-1.129399968562961654e+00
-1.389103127120221159e-01,-1.192261644433276979e+00
3.014685634838366601e-01,-9.801976582245278680e-01
-4.309842245536868455e-02,-1.092059662122204511e+00
2.883482852025804899e-01,-1.363374232344633397e+00
-1.214653308488716360e-01,-1.117084945225927939e+00
2.530251223910605085e-01,-1.041265967729707809e+00
1.219269053232918979e-03,-1.041527697703354738e+00
3.290420393337319949e-01,-1.195352034657104268e+00
4.584630332193264657e-01,-1.361558756608187482e+00
-7.319526806750954739e-02,-1.414656238658590359e+00
3.007002091099046925e-01,-1.391114563650684088e+00
9.424872636001219162e-02,-1.143872997816364645e+00
1.122659967853486263e-01,-1.362302718602784291e+00
1.747305709674539312e-02,-1.197667409968537822e+00
3.481008738226630261e-01,-1.403610572219600838e+00
-6.785137572143497275e-02,-1.127685353305652782e+00
8.069806528311287974e-02,-1.210742069164369772e+00
2.823459572207047130e-01,-1.007424151139299395e+00
3.460013308175669544e-01,-1.166261248937306538e+00
1.785410445617829633e-01,-1.458893065450622251e+00
2.030330090852892622e-01,-1.131351288216329243e+00
3.097938599369631785e-01,-1.128415409844334194e+00
1.803359550563260472e-01,-1.166608414910214275e+00
2.409250148992752860e-01,-1.083791610586587240e+00
-1.297555839087902174e-01,-1.382096824705194571e+00
4.168848706091886624e-01,-1.040045718836362321e+00
-1.116628325133797311e-01,-1.319813434868474245e+00
-6.040360703098560796e-02,-1.015278791938733827e+00
2.921187253722755672e-01,-1.066176147077025682e+00
-1.129703554990507501e-02,-1.110689350470948522e+00
3.206314722890691304e-01,-1.009196673496219887e+00
-7.603621817448111275e-02,-1.224488646405419878e+00
7.105527636855960005e-02,-1.352179987974607478e+00
5.659653179801884537e-01,-1.319739036015277200e+00
3.730645087189702891e-01,-1.150900330288036955e+00
1.192576542957533015e-01,-1.115969342005832754e+00
1.972198305732710266e-01,-1.120368396352102280e+00
1.342902590341024834e-02,-1.200559348648720714e+00
4.567969595549176143e-01,-9.667486696725506867e-01
2.362531615230065163e-01,-1.012429334125935165e+00
4.138323808914294855e-01,-9.211340695996006467e-01
4.328501442914459707e-01,-9.300723924014736577e-01
-1.783282707198406702e-02,-1.495946746454697829e+00
2.312898687268350739e-01,-1.222872813916413781e+00
3.035075950473176132e-01,-1.206648070503195225e+00
4.554404106504617578e-01,-1.158886095001411487e+00
2.534303556655307516e-02,-1.252072781544715907e+00
-1.053783449332656302e-02,-1.259463496965244067e+00
1.858064128093809414e-02,-1.081417615744438621e+00
2.699109235675625218e-01,-1.087188759719584175e+00
3.206077909437782814e-01,-1.073096208543540264e+00
4.674352910782005877e-01,-9.249343560531082531e-01
3.882912690729040661e-01,-9.241460359544840797e-01
1.799544763966231531e-01,-9.968783982469539007e-01
1.240962234012635834e-01,-1.263541811971660600e+00
4.728882233224221410e-03,-1.075561635928383053e+00
5.027041594449612738e-01,-1.219488548677582163e+00
2.801975215853607648e-01,-1.360735251599926032e+00
6.060881578162257144e-01,-1.200590871645394131e+00
6.683120899791968883e-01,-1.275610806784563733e+00
2.098494490519847433e-01,-1.114922942364296787e+00
5.770985731485917675e-02,-1.038148152356999976e+00
-5.659065362139888977e-01,1.008818885092671813e+00
-1.968843312807398716e-01,1.059101558388817477e+00
-2.718856123238428402e-01,1.295725624880164739e+00
-8.670631752551410942e-02,1.215471894044650503e+00
-4.796726303704371697e-01,1.383903235555051348e+00
-6.247974795949324811e-01,1.063855590398321116e+00
-3.952175850924714573e-01,1.082250692659254110e+00
-5.960573421247760129e-01,1.105981059680088974e+00
-5.820101089576220632e-01,9.418627584213261628e-01
-4.271655810111266161e-01,1.378216903927869330e+00
-2.714638213076080442e-01,1.121493223102021375e+00
-4.028967645622342775e-01,1.189620482346961605e+00
-1.968467206182478169e-01,1.335220032635268783e+00
-5.779549278978673987e-01,1.035767648197243096e+00
-1.182091111910412856e-01,1.456639723598061487e+00
-2.283187510034657419e-01,1.412263968638155065e+00
-2.269922271518569346e-01,1.129630050924286033e+00
-1.627353553409738585e-01,1.296481536864833028e+00
-6.010470127869743662e-01,1.162090695793663420e+00
-6.012103947775326862e-01,1.348068284347513579e+00
-1.391501423010402805e-01,1.214494753784452818e+00
-4.630885922747562944e-01,1.055200324552383773e+00
-4.862141379448116085e-01,1.370989884355252153e+00
-3.403985058516238449e-01,1.386745279340469317e+00
-5.182833665968823444e-01,1.164835152091720394e+00
-6.389928936876446697e-01,1.180033762319512514e+00
-4.358131806782031825e-01,1.184896169834580570e+00
-3.349702473062188823e-01,1.181519295445451867e+00
-5.667650389712636239e-01,9.432738397454480950e-01
-4.816875007246558260e-01,1.017984994113258601e+00
-2.255759504909296553e-01,1.156321541967765709e+00
-2.286103105261878821e-01,1.407024169381271506e+00
-7.386221922032518705e-01,1.212735385542746736e+00
-5.672308865206467932e-01,9.928696468841903267e-01
-5.755401993484128287e-01,1.186280016870511655e+00
-5.084521672798155700e-01,1.400477477939264137e+00
-6.437423143052519725e-01,9.121352368319650683e-01
-5.081500504138547480e-01,1.117634211574211722e+00
-3.537203806697296615e-01,1.406568215161867030e+00
-7.262316485622036799e-01,1.037896128917174199e+00
-3.747830442150268948e-01,1.292056661007066509e+00
-6.937272594307315465e-01,9.558587525100438187e-01
-5.648963206377233259e-01,1.094792538769022716e+00
-6.949647280955363327e-01,1.311226209306131096e+00
-7.431214846798164242e-01,1.220245527150043641e+00
-5.087498132176895282e-01,1.290013610326229410e+00
-5.806188392063510451e-01,1.061788787573273218e+00
-6.398938851204512002e-01,8.184721251036274348e-01
-4.719723755420301425e-01,1.217197486046935229e+00
-5.677869956453763800e-01,9.265391418318867922e-01
-2.714019922949196806e-01,1.203896209844554921e+00
-4.800073553515780134e-01,1.416846886676087269e+00
-4.396071733931707359e-01,1.315570966414764786e+00
-7.237504579626223844e-01,1.117108444278419821e+00
-2.783878777264336968e-01,1.184021891897043322e+00
-3.720372994675282263e-01,1.407845896311404887e+00
-3.413518503075634314e-01,1.420617809120021002e+00
-4.691908845009148954e-01,9.113349634545631073e-01
-4.090430036460899199e-01,1.148840956464635132e+00
-6.517059365698203433e-01,1.275287959856296727e+00
-7.882551921098185366e-01,1.217558189309070782e+00
-8.166991860066983300e-01,1.038441621779610857e+00
-4.386676650828152391e-01,9.325242301886379481e-01
-7.564521017928352853e-01,8.826929970990381458e-01
-4.413503636049391776e-01,1.059421785935675819e+00
-9.028821162871228934e-01,1.179323212071219595e+00
-8.829956354847093847e-01,9.672005146041569024e-01
-4.872584776196717815e-01,9.297791123039600425e-01
-3.976079931574026394e-01,1.037440449149189314e+00
-6.869548856988203500e-01,9.487649708763229439e-01
-6.115851263540776905e-01,1.052330025325259211e+00
-4.657179774428331087e-01,1.422641630513692856e+00
-5.527651523799604893e-01,1.046830840193270662e+00
-5.751815657549916860e-01,8.546501178529972709e-01
-3.299470102486794509e-01,9.537469556179253294e-01
-7.411196671166203620e-01,1.266566486596093721e+00
-5.892725653207208092e-01,1.219176448784386801e+00
-4.261859340379641758e-01,1.322340987693823022e+00
-8.171983941181564237e-01,1.097187630396983193e+00
-5.452491333487139435e-01,1.030180465819212410e+00
-7.275774236945526940e-01,1.170732947521904377e+00
-6.462045022691326190e-01,8.438048067651378048e-01
-6.140047404251922636e-01,1.146267203288468872e+00
-7.486938454015045208e-01,1.003714635063013283e+00
-6.483387164672885783e-01,1.071200876895384679e+00
-8.335132411140454556e-01,7.893067599494659747e-01
-9.629289511510390476e-01,1.060846632652253652e+00
-5.723884055290182626e-01,1.380409383097361165e+00
-4.798305794286152892e-01,1.026907790491290440e+00
-4.556961029001725394e-01,1.189366980608326907e+00
-8.762547251329948494e-01,9.570231853067799888e-01
-5.314968150189391949e-01,1.372253976460301450e+00
-5.813677481706959194e-01,1.035649059817320694e+00
-8.537805584160398364e-01,1.221619212372385466e+00
-6.926203010449374364e-01,8.982840691813697154e-01
-8.830112010431583336e-01,9.343350688908496071e-01
-7.049865944307367460e-01,7.956382576057883238e-01
-7.048592907459654278e-01,1.112171213650204882e+00
-5.896854202080215046e-01,9.135939849726940620e-01
-7.585039855756904315e-01,7.447528601539118442e-01
1.228645171530843572e-01,-9.926429812229665695e-01
4.747037679626728290e-01,-9.835655568761020318e-01
1.026542997586279149e-01,-1.010880602036934972e+00
2.654790269460360341e-01,-1.049717016785918666e+00
5.612690760262392109e-01,-1.158128877857059313e+00
5.276678604330609090e-01,-1.042267156701496278e+00
7.292030891780065804e-02,-1.195510630464378554e+00
3.307191544985444986e-01,-1.208753454181100917e+00
4.893017666350557016e-01,-1.049876006333072098e+00
2.525057122855733360e-01,-1.066174158007120898e+00
1.981200751186436571e-01,-1.242267594710667833e+00
4.876471951524492532e-01,-1.384163647005841602e+00
5.149222674691256163e-01,-1.055941552463768085e+00
2.168840096137539808e-01,-1.103136156360654985e+00
3.229083478930036555e-01,-1.312166148070265104e+00
4.718046300418613503e-01,-9.083368256694643872e-01
6.785172056042466648e-01,-1.086391509868267269e+00
3.051690307948731196e-01,-1.436378084469659866e+00
2.588072400892135194e-01,-1.449993779638182545e+00
1.125082831654593413e-01,-1.254533726940931793e+00
4.446021689557290713e-01,-1.121455005616798228e+00
4.694465897450966763e-01,-1.361490146239993093e+00
4.492077112307339415e-01,-1.203493300527104459e+00
2.612901654535276230e-01,-1.445042078918100659e+00
1.404972477443620360e-01,-1.247354904803209541e+00
4.216304166586130608e-01,-1.287339656777597430e+00
2.513685725794840287e-01,-1.364066166707395000e+00
4.295305469922068298e-01,-1.339077520880590288e+00
6.736180676648730881e-01,-1.157548943363568617e+00
7.487124093819689241e-01,-1.162420401046177831e+00
6.862792360666964964e-01,-1.314944549606493984e+00
3.503623391007050225e-01,-1.119031583726467272e+00
7.490076220394832340e-01,-1.288577678170878205e+00
3.821929745740793027e-01,-9.293754427293510201e-01
4.523601187898658171e-01,-1.151308133988387050e+00
2.358295962379498567e-01,-1.451450900811849021e+00
4.145170961868730464e-01,-1.144866318839099728e+00
2.900385879819244450e-01,-1.039308568589169868e+00
4.679599379637914280e-01,-1.160968023354456369e+00
6.725402594127236622e-01,-1.333071656842998109e+00
4.953133775489889090e-01,-1.297304163282739342e+00
7.245677166667494618e-01,-9.977717911042448540e-01
8.811999609605597472e-01,-1.194944199287392372e+00
8.332001198419412002e-01,-1.244500195250366259e+00
2.263433808336644260e-01,-9.785867812767962137e-01
2.657477394436475460e-01,-1.010536086962984026e+00
6.274953405949529328e-01,-1.090455221319236223e+00
4.968352051721053875e-01,-1.198330516967852422e+00
3.299531560535442498e-01,-1.049871273998190135e+00
2.976032799929251849e-01,-1.115202209030189184e+00
7.173625026945599226e-01,-1.135039430160091456e+00
3.979003878149125484e-01,-1.291285863334779238e+00
3.112355011713517916e-01,-1.415973933889896230e+00
7.540429687483214405e-01,-1.040482104226844617e+00
3.632780187528674709e-01,-1.236757458288051392e+00
7.862870347172434826e-01,-1.002085523387592714e+00
7.338314901695531800e-01,-1.299302606113908354e+00
7.097196442448299170e-01,-8.748575427471023680e-01
3.196049439715009655e-01,-1.278980441175936011e+00
5.717685663373697214e-01,-9.370864863472530004e-01
8.631757415432685931e-01,-9.541578203941406544e-01
2.576445513412760624e-01,-9.716749849833007380e-01
6.275764103791857673e-01,-1.281947646846399502e+00
3.995033185823511079e-01,-1.040691933102012134e+00
3.619101085814949159e-01,-1.392604219483607464e+00
7.392154468169636061e-01,-7.812919166794811687e-01
6.360857626844923507e-01,-1.116385922279540921e+00
3.680896049201253240e-01,-1.265611169257533142e+00
4.738110098650845092e-01,-1.366301752207992770e+00
4.719763751220001913e-01,-1.219817859569086949e+00
5.423712712962328597e-01,-1.017550134533043105e+00
3.794577357882100155e-01,-1.154807566071653913e+00
6.773815298964386278e-01,-8.857091960598728608e-01
7.312848359110308838e-01,-8.098353225225475294e-01
8.648099440756856771e-01,-1.219752739301303901e+00
7.763573609875351611e-01,-1.115292129573746127e+00
5.662915374422318182e-01,-8.454910943130109491e-01
6.680100248588782819e-01,-8.844003528918241708e-01
4.180751789866827273e-01,-1.177942794690735040e+00
5.712182997428981723e-01,-1.194899330843969265e+00
5.070476479794973068e-01,-1.096580094957051665e+00
7.478106040510673624e-01,-1.068387505247978098e+00
1.050320916241607838e+00,-1.035911039870702099e+00
3.864706290130311417e-01,-9.628473296204494991e-01
7.335784020761485502e-01,-1.277533708142128965e+00
7.412627708470659327e-01,-7.600349427951865744e-01
7.885916167332808202e-01,-9.372669934161956817e-01
6.566271629226662077e-01,-1.056349755856583084e+00
1.009770827257884696e+00,-9.294011126127128541e-01
7.207441565639164383e-01,-7.567821653654116520e-01
7.728118768199215838e-01,-1.220411465060582401e+00
7.437645599933446761e-01,-1.151591153454324168e+00
7.646935694600756062e-01,-1.193853668221271924e+00
8.962845760056868949e-01,-9.473523312810295804e-01
7.922149974854449939e-01,-1.143898849104464821e+00
5.608100146937624597e-01,-1.347273158642972479e+00
9.435712525286497065e-01,-1.038950055815720308e+00
6.244332972209615251e-01,-1.051909555089677983e+00
7.637833937809650475e-01,-9.427912943945802038e-01
8.524606139624143486e-01,-8.874139529265601123e-01
-9.464035801732723074e-01,8.550524710806893802e-01
-8.091829562329057035e-01,8.818117839363712740e-01
-5.602056622452031842e-01,1.065514429067331070e+00
-5.554315715313679069e-01,8.447589592801733049e-01
-7.040543662341605113e-01,1.303146253333617999e+00
-8.984954485335054919e-01,8.849221701596283740e-01
-4.233794452629925931e-01,9.796587070932655239e-01
-9.037952704985138253e-01,8.826263913150556029e-01
-8.468319595958334611e-01,8.165740819919571347e-01
-6.183588889626155938e-01,1.162850395831116268e+00
-8.558749254883979418e-01,8.834349370341106900e-01
-7.526118883874117760e-01,1.245478624353520081e+00
-6.627821165308014351e-01,7.950039718974908354e-01
-6.791293340464286121e-01,7.712084961944605244e-01
-7.110032991932186963e-01,1.153360462755162796e+00
-8.400016054322572145e-01,1.039417557191767427e+00
-1.077046370711715939e+00,8.533699582170091169e-01
-9.036679066435273633e-01,1.063886044247087881e+00
-5.477210470934966713e-01,8.825487716128891380e-01
-5.246000307086923220e-01,8.944289205774001994e-01
-7.518401283232268861e-01,8.616272337926458302e-01
-8.743511802904255781e-01,9.972093059704510987e-01
-8.633007352509223242e-01,6.447258807776414802e-01
-6.492828559823364820e-01,7.986272153790443529e-01
-9.230821045195140018e-01,8.314585886866554532e-01
-1.059156251535907423e+00,9.050899295141441314e-01
-7.309442677043743730e-01,9.577206298753225822e-01
-1.124299227551982749e+00,7.642445897626717333e-01
-6.029334207940911794e-01,8.273535886988723220e-01
-9.968746499959209029e-01,7.876988500285950767e-01
-7.708923577493309587e-01,1.077193239113811485e+00
-1.056375533975794534e+00,9.677922337036038991e-01
-9.963901663476144588e-01,9.131043738819187849e-01
-9.889049371979170555e-01,1.019684774481920408e+00
-7.357318539858245243e-01,8.569735489333859535e-01
-7.355259769042540308e-01,9.391620335884879323e-01
-8.384677286157777854e-01,9.075810241909434417e-01
-7.751630811158154444e-01,8.749911069651128415e-01
-9.446018868549158620e-01,7.832582939167243019e-01
-8.420534475329317647e-01,5.899667305717118948e-01
-9.192986587703961820e-01,8.851922129923125437e-01
-1.142351485645446640e+00,8.075976553683302805e-01
-8.930703636678247737e-01,6.090391580701230989e-01
-8.155671841531126898e-01,1.191595990090211554e+00
-9.023731212188651485e-01,9.574202324655113339e-01
-8.372252738306004138e-01,9.183123588442735352e-01
-9.450202552142433765e-01,8.974741840492016509e-01
-8.088626351539661696e-01,1.262727628174632022e+00
-9.496564422422320018e-01,7.839346101027346858e-01
-6.917215116219490589e-01,1.167303682135116372e+00
-8.887238786311599803e-01,5.144507730981988658e-01
-6.216351862820614915e-01,8.188420203600406122e-01
-8.819701658661459609e-01,8.795904853974749749e-01
-1.058357031818111915e+00,9.183836877759186113e-01
-7.333747113967329367e-01,9.868688673195380456e-01
-8.538846520192812095e-01,1.126210407003166214e+00
-1.222862955859190137e+00,8.543588166093232239e-01
-6.693032716238860313e-01,7.450412758286022452e-01
-1.151914802009331718e+00,9.530684834612247469e-01
-5.722529269509634142e-01,8.399478033822312950e-01
-7.982894556885876680e-01,1.076829585951287749e+00
-8.856548222440935314e-01,9.766068123666622469e-01
-6.225444478154660288e-01,8.233229664004240167e-01
-1.050454154446435195e+00,9.170712472870853338e-01
-9.615060546627094418e-01,7.304711993381873825e-01
-8.370153082239734088e-01,1.056274230538059689e+00
-7.853483041159110556e-01,9.228484591606934684e-01
-1.101365772746100591e+00,6.730517315975753645e-01
-9.173093404553864794e-01,7.078626226203090788e-01
-7.323288673016370431e-01,7.833002197911321796e-01
-1.175494245760416057e+00,7.898523447857932478e-01
-8.049026058811227236e-01,1.058264493789126126e+00
-1.010568419198442314e+00,9.221411535437178397e-01
-1.256341765640734298e+00,6.917312296463712373e-01
-8.868437507261980324e-01,6.790429004619590314e-01
-1.206417903828175264e+00,7.289114616241911815e-01
-9.779201102405291612e-01,8.671805082058401393e-01
-7.903279198261921046e-01,6.911539578063539135e-01
-1.244928985165977053e+00,7.258586349125313308e-01
-9.528603293536963559e-01,1.156135775339744765e+00
-8.956769609438260948e-01,1.159883136643710566e+00
-8.621090463948448690e-01,8.883514013719912006e-01
-6.943874684147067766e-01,8.046804706643876370e-01
-9.052184261634470541e-01,6.726845366770368706e-01
-1.327732266958622009e+00,6.508603581686867035e-01
-9.282680867021472215e-01,4.331990676846907973e-01
-9.239114285936356197e-01,8.753965557916583151e-01
-1.144159591588632674e+00,6.053073376618077761e-01
-1.237093593379484435e+00,7.006693437380701051e-01
-8.009868186423120262e-01,8.087706231724912653e-01
-1.057562208890217681e+00,9.525319858481602342e-01
-8.111134482413141500e-01,6.063711792463802874e-01
-7.992809326752035037e-01,6.846646313087878521e-01
-7.421199224000428751e-01,7.409969841896213438e-01
-1.197920809027010147e+00,5.877789547453450281e-01
-1.009558979525688072e+00,1.058190344041032960e+00
-1.111308732892009710e+00,8.299180563527750465e-01
-9.567704247229396053e-01,3.766381511355786915e-01
-9.018858517591723523e-01,7.222667370767674733e-01
-1.186032073298605161e+00,6.766109579663542872e-01
8.573994352102058958e-01,-1.171262174408199019e+00
4.666142433088094621e-01,-1.093618311842556867e+00
9.554085978080529840e-01,-8.562463676146399028e-01
5.781662738869978169e-01,-1.143927113542403395e+00
6.346879528119094838e-01,-1.330042448589355830e+00
9.817905860989302180e-01,-8.322053241093380072e-01
6.315675018445521260e-01,-8.984886350049867687e-01
9.007928943135005140e-01,-1.054803349195571283e+00
7.926603703224995856e-01,-8.382447614862923446e-01
9.019590350667560097e-01,-1.105845382990493064e+00
7.029348962660957323e-01,-9.035967905808852674e-01
5.651165611168936787e-01,-9.787011523484433484e-01
9.050950259529447761e-01,-7.250138177719510635e-01
6.867974799862311963e-01,-8.327293067828909212e-01
5.120119472984407949e-01,-1.038426397916772270e+00
8.383425967381604726e-01,-9.448428704374756126e-01
7.814388822964407622e-01,-1.182355331559736600e+00
8.716578615650616424e-01,-1.150159303616492545e+00
6.839966024684647206e-01,-1.299520798055717519e+00
6.058674106616295241e-01,-8.120535144517135873e-01
1.051798699196570430e+00,-9.346709778229400634e-01
6.057373722903711677e-01,-8.031341723942866384e-01
6.236291590243209226e-01,-1.172691745725443102e+00
1.038925951327457131e+00,-8.869286165557329626e-01
8.648414953139547112e-01,-6.853831680127293602e-01
6.568248256396898022e-01,-8.834283009746501936e-01
1.169441243601462066e+00,-9.335365440195394493e-01
1.159210179140535146e+00,-7.856334989742259634e-01
7.312630204206500562e-01,-8.519461523080243959e-01
8.693040916665856210e-01,-7.493537514271443323e-01
8.905050544355074260e-01,-7.952574936208757217e-01
8.273133938706028756e-01,-1.201834380609771546e+00
6.858418734823258367e-01,-1.247727876282591408e+00
6.823360712451997934e-01,-9.250058233012807829e-01
9.683772456774649706e-01,-8.309025010162467417e-01
7.877312663274850246e-01,-1.059111361578942034e+00
9.084754409246701412e-01,-8.316789767719324766e-01
5.944452952569507787e-01,-9.165608419906170479e-01
9.683285596312122268e-01,-1.021652639817746344e+00
7.503584151797068058e-01,-7.116063275065427352e-01
1.105868487208408357e+00,-7.320877363679457739e-01
1.205995934493074628e+00,-8.618116037122868223e-01
9.653986674426334735e-01,-9.495225359186046932e-01
9.874193821403380866e-01,-9.847019758922868071e-01
9.142886777196240766e-01,-6.989973829845601561e-01
7.390318417941692530e-01,-9.178252024698478895e-01
6.743597416551960766e-01,-9.027478506674126990e-01
7.786837374167421277e-01,-7.780083779084753237e-01
8.580762890444761926e-01,-8.509307533515872990e-01
7.249124400680094782e-01,-8.051903292106692422e-01
9.218861911780675822e-01,-8.483945552983342964e-01
8.705975484220395133e-01,-1.208961872578062646e+00
1.018851550539860096e+00,-9.740251717720813662e-01
7.900586252949045596e-01,-9.732714482906371645e-01
8.220237982394068554e-01,-7.033647004336276432e-01
7.959240307972063055e-01,-1.178038201512010552e+00
9.059333208886219957e-01,-6.880946890786220349e-01
7.989427379550784192e-01,-9.526072260570974670e-01
1.057789677459996636e+00,-7.243899292582210991e-01
8.132930172958228177e-01,-7.931837931405595343e-01
8.695134978856839947e-01,-1.048055967733256821e+00
8.187894265479557232e-01,-9.857336317754825661e-01
1.048680180113860549e+00,-1.057471025647099161e+00
1.213536360850979046e+00,-8.393746449340594440e-01
8.283337137317622334e-01,-5.669110173547093900e-01
1.160312537838780855e+00,-7.111690317036549747e-01
9.047927810585079111e-01,-6.619077285974432900e-01
1.101138979786822070e+00,-9.164853582315736213e-01
7.324598992693149846e-01,-8.011781328557445736e-01
1.054515752479511903e+00,-1.026703635624879984e+00
8.208531603827281531e-01,-6.202521481411199522e-01
1.039497527337733818e+00,-5.470693866217589685e-01
9.466080730548601663e-01,-4.773776613966596583e-01
9.630699666857311936e-01,-8.862045387245366390e-01
8.578272149055304885e-01,-9.887919716164562667e-01
7.492731266908470023e-01,-8.822571728271210167e-01
1.044902771246853490e+00,-8.105035826229830542e-01
1.257145829493491407e+00,-6.844970620974610842e-01
9.318428430439670285e-01,-1.030495952895228218e+00
1.042617763077184012e+00,-1.074698999941486210e+00
1.084234241799762133e+00,-1.004069805520650505e+00
1.048282785047772725e+00,-7.368125455972108773e-01
7.866146234806096205e-01,-6.532943342794302888e-01
1.209895128811870002e+00,-5.539393878975099605e-01
7.021137279628103522e-01,-8.412722284063937073e-01
1.159186018365043092e+00,-7.991199764703157404e-01
7.648750644998886239e-01,-8.397047414783531671e-01
9.828462526830625823e-01,-5.939402919875113041e-01
1.101814265548153315e+00,-4.995561366500221867e-01
1.234465749416522540e+00,-5.446393575410668486e-01
8.257667416166770691e-01,-8.417890954122463354e-01
1.290656501682617252e+00,-7.407556099389736026e-01
1.194205023993735404e+00,-5.625563387243937008e-01
1.154321552772197723e+00,-7.674551712566501926e-01
1.116690926739382084e+00,-5.976760404236917124e-01
1.183858306818859285e+00,-5.962264828676442363e-01
1.025401312289213607e+00,-7.401716860646915253e-01
1.149748073500181711e+00,-4.872538085491420201e-01
1.077564459541033859e+00,-5.614424475202656195e-01
9.536791668466705341e-01,-1.054804295154277538e+00
-1.051486448939570328e+00,9.556785116517655387e-01
-1.052759341445839603e+00,6.590160129291207092e-01
-1.288134090268147736e+00,6.990625173978013418e-01
-8.032319429485229589e-01,6.513039420103863275e-01
-9.351894031074247104e-01,9.702399803986652138e-01
-1.356744161699340312e+00,5.972524718890785955e-01
-8.308910837358517432e-01,5.581807516950106907e-01
-1.245027190686359697e+00,6.783452402256242575e-01
-9.703207153520410078e-01,8.913234706098850380e-01
-1.259630710902685857e+00,5.157524646711073579e-01
-1.086862297551012935e+00,8.607709662851837917e-01
-9.081231962038349703e-01,5.513621756073229241e-01
-1.254110078347642654e+00,6.387609339201528735e-01
-1.135892572916653798e+00,8.575335687812789542e-01
-8.458440706771177542e-01,6.590071143396366571e-01
-1.046891889208037441e+00,4.057861786279490790e-01
-8.782632507943001210e-01,8.554915099527153899e-01
-1.063450012576216075e+00,1.052818669217554959e+00
-1.106821713681630959e+00,7.157883518839607273e-01
-1.209082947426868726e+00,8.704521230730941639e-01
-1.060956344001210194e+00,4.604597881841582807e-01
-1.044126778481456075e+00,3.709663008126748429e-01
-9.578302825462328141e-01,8.312284975438981593e-01
-1.136120171232642750e+00,7.893781348643722495e-01
-8.030271376686457518e-01,7.316270534205138176e-01
-8.998205644716552598e-01,4.845139778668320907e-01
-9.654285329866154619e-01,8.385602643486288477e-01
-1.008757896432095125e+00,5.296932126295935683e-01
-1.037821392367295648e+00,4.638821420243074978e-01
-1.264598481535918806e+00,6.639462224097321119e-01
-1.279959239490558121e+00,3.981489551957905770e-01
-1.214158421462574911e+00,6.216615582812804464e-01
-1.287295871170435868e+00,3.845432626961990952e-01
-1.179807678451592068e+00,8.120317853846674705e-01
-8.498499951953218945e-01,6.140764767673422275e-01
-1.019737071475625090e+00,7.736672570925297032e-01
-1.086279251540868129e+00,5.874931667069163144e-01
-1.205242013898750741e+00,7.395037313804602164e-01
-1.104372897785968144e+00,7.916168431783356940e-01
-1.082826883703525755e+00,4.324326044328983820e-01
-8.924712318406680112e-01,7.518750942946558213e-01
-8.933045299830220110e-01,5.784857975173840483e-01
-1.152054354224850918e+00,6.175107495258850276e-01
-1.344109804172826106e+00,3.449895003830834028e-01
-1.059343205810440836e+00,4.915396457478079517e-01
-1.290399990297734112e+00,6.086273453084998231e-01
-1.000512039958313615e+00,3.632792020982089642e-01
-1.237819191003741714e+00,6.467060503022803442e-01
-1.278200222786673335e+00,5.303690736710948705e-01
-1.061308222588982719e+00,4.654569012236036696e-01
-1.127900171644166560e+00,3.991780365744247439e-01
-1.399926507591403801e+00,4.193495995110225194e-01
-1.080382411317172053e+00,5.576759424549810884e-01
-1.272558437336678727e+00,7.766435456966450657e-01
-1.043564203269697677e+00,6.328218727957980461e-01
-1.295053183088116233e+00,6.247252278665655911e-01
-1.102998753137099941e+00,5.599411300795917867e-01
-1.041576674614595577e+00,6.752231464265692207e-01
-1.198187635285057784e+00,4.947869324229995924e-01
-1.283097842939449507e+00,7.003449829697921958e-01
-9.716135939646834974e-01,5.300884091896969075e-01
-1.017049946670991911e+00,4.078833149146585679e-01
-9.625049505298862718e-01,6.186482774277290986e-01
-1.167732412326742075e+00,4.237719018815164773e-01
-9.836266082738230887e-01,5.817214013927421989e-01
-1.080240755963301602e+00,6.235653118524395744e-01
-1.124466658838316091e+00,3.985600583217097648e-01
-1.301281927556681151e+00,2.983118331849107796e-01
-1.426384990329965463e+00,2.470193895438550780e-01
-1.110053007207606024e+00,1.459468201034966328e-01
-1.044049997058273727e+00,4.422022986820187129e-01
-1.021338552282196499e+00,2.700023171675314804e-01
-1.460977366289588408e+00,1.687860742105837253e-01
-1.252505724630763595e+00,4.223612366812699581e-01
-1.008151309998783329e+00,5.294296000210190201e-01
-1.145869712896324666e+00,4.684009149350045753e-01
-8.603603441458822498e-01,5.575592174734439466e-01
-1.144363388693603989e+00,4.663988192988353099e-01
-1.093483499619988031e+00,6.020878944586860460e-01
-1.091056880578364696e+00,4.521561851719985148e-01
-1.142421591149056948e+00,1.370366121901657741e-01
-1.066940275704939101e+00,4.896730851793433814e-01
-1.304749093392061798e+00,2.208731616421712451e-01
-1.301145951734646200e+00,3.692653556481779731e-01
-1.356601358547481873e+00,5.815174931324251784e-01
-1.255881920496199955e+00,1.603273720632150956e-01
-1.371544694844636592e+00,5.520098855633045476e-01
-1.298297906221222986e+00,1.144487118422724409e-01
-9.939857219661881738e-01,4.648171491691555635e-01
-1.424434969318940647e+00,4.426605171787877935e-01
-1.128794564120344512e+00,5.452774798774845388e-02
-1.214780269549384562e+00,2.180310132342499485e-01
-1.249539591433148189e+00,3.408760125356892212e-01
-1.075188052981547404e+00,5.709172109803476447e-01
-1.231458815260464856e+00,6.063718351471559798e-01
-1.088827579655333500e+00,1.553481815808526734e-01
-1.198446430530349938e+00,1.849343134442318348e-01
-1.321692613844326791e+00,4.055742178489041283e-02
-1.476597137412765104e+00,1.209952340037178803e-01
-1.210859152962926899e+00,2.801752003081684483e-01
8.315811851549684830e-01,-5.889987652005079788e-01
7.907308741289170717e-01,-7.080793171083954451e-01
1.017436723662380693e+00,-9.672089394261070838e-01
8.052172093924928609e-01,-7.626639310433130925e-01
1.057210302758782916e+00,-5.561666935853577520e-01
1.111259843849181639e+00,-6.751859601777312481e-01
9.427394769233350402e-01,-6.561682032759141858e-01
9.915162351671699126e-01,-9.272888921468211976e-01
1.078376567657955531e+00,-9.705272661018811142e-01
7.268077276094508932e-01,-7.559956650191380634e-01
1.269149664605988992e+00,-5.541231378862121471e-01
1.262574173134447530e+00,-5.677518263011310795e-01
1.022531802027508707e+00,-6.036648854955748433e-01
8.647626821725808988e-01,-5.578591876136760330e-01
9.223655435590061291e-01,-7.455798649074349971e-01
1.123259254578541366e+00,-6.188894573399048582e-01
8.213641508609245134e-01,-6.489376703295300919e-01
8.581782403092612643e-01,-5.301128654566211740e-01
8.537042565964518825e-01,-8.332272947782084493e-01
9.994944516247364907e-01,-7.411691670671887167e-01
1.234510563623109070e+00,-4.245152133032297770e-01
1.139731650576451871e+00,-8.285569241351824488e-01
9.610738178560278566e-01,-8.588049284577506937e-01
9.412262638233327428e-01,-3.981783534999379093e-01
1.165905025295918662e+00,-6.064538654029711928e-01
1.246677091510430824e+00,-5.994735140210428748e-01
1.162563461261566955e+00,-7.375120520187511408e-01
9.376580454000338349e-01,-5.594574588720061525e-01
9.865866093541260096e-01,-3.728354126779159228e-01
1.076348451473469359e+00,-6.550452787539138289e-01
1.038492819060979899e+00,-5.178472442034868228e-01
9.990748598555504456e-01,-3.074518657240578601e-01
1.140068405633235304e+00,-2.824389654545295669e-01
1.032466749381735660e+00,-8.722366463001599568e-01
1.365576849277100546e+00,-3.708992660699350630e-01
1.380226247277814844e+00,-5.764802580133457921e-01
1.039031114167137781e+00,-7.553515119777406417e-01
1.120435355731049132e+00,-7.386232276671879093e-01
1.379240275743891297e+00,-5.890447692322512419e-01
1.168254599067017230e+00,-7.102709142874604753e-01
1.408868260788830318e+00,-4.243819612956528098e-01
9.669884462158031546e-01,-5.112902709745755780e-01
1.015959899140399969e+00,-2.170188569422731029e-01
1.441813266694026430e+00,-2.935345787217511493e-01
1.084459764491555234e+00,-2.898197971606817358e-01
1.284851880631297849e+00,-5.411920854891139054e-01
1.291605155817924011e+00,-2.672270444645474807e-01
1.092527560035333023e+00,-5.089653879853128782e-01
1.282813481055840255e+00,-3.667845230373061871e-01
1.158078640170194795e+00,-2.932588147357446107e-01
1.018454603321339302e+00,-2.993295480701415046e-01
1.080354803067428593e+00,-7.098925829999491732e-01
9.697377848617272367e-01,-4.440802597522324757e-01
9.725542643412423693e-01,-3.518567741559019413e-01
1.025149710743926024e+00,-4.648835662600014351e-01
1.413936698298857486e+00,-2.831430179426714377e-01
1.076048145600140504e+00,-5.266146012824263201e-01
1.110005842089357930e+00,-1.864107989330809345e-01
1.056659202597519220e+00,-6.030801906949675439e-01
8.397001807186256217e-01,-5.492202327733554101e-01
1.167065685464421687e+00,-6.788884667426816621e-01
8.955875140119320399e-01,-5.464882722914797819e-01
1.141131608177485601e+00,-3.436222665030185808e-01
1.024658173685897955e+00,-3.613950480107189778e-01
9.521497754819294723e-01,-4.821583868467337330e-01
1.255094219491007079e+00,-2.422499129169188303e-01
1.266067519387278573e+00,-3.328557111434997107e-01
1.170447212776035029e+00,-6.233481538439545888e-01
9.296189607553059231e-01,-4.818882975656321177e-01
1.133294535178615225e+00,-7.514887507162086866e-01
1.031520856775778094e+00,-1.065419643391814636e-01
1.355022222362695317e+00,-2.503322653346092830e-01
1.249149690981209426e+00,-6.165406527150361082e-01
1.139687438359217264e+00,-2.238445563295375917e-01
1.362540787600890813e+00,-2.175296885699835592e-01
9.847235827882646619e-01,-5.092905494733602767e-01
1.372866039606661870e+00,-3.595144617778565643e-01
1.182905521144069771e+00,-4.174529623644698817e-01
1.216347047268718340e+00,-2.152733213857337125e-01
1.292562893035094973e+00,-5.596258627013132037e-01
1.018875984424319148e+00,-1.451003783854711848e-01
1.274908795343702383e+00,-4.588993767233011112e-01
1.214345033297037579e+00,-3.336314297819195085e-01
1.332757128593761164e+00,-3.624330616824310014e-01
1.327568686565989031e+00,-2.568744046171577700e-01
9.463163870047365256e-01,-3.356235510130049504e-01
1.384658462277483348e+00,-5.472776207285003913e-01
1.482877318111637033e+00,-1.551016692966412369e-01
1.056164040045480146e+00,-1.656603010697269840e-01
1.258181363938599917e+00,-6.706213819959698785e-01
1.325816087814883915e+00,-3.629984033479327632e-01
1.087220265656339890e+00,-5.758384563827887437e-01
1.090151871668673333e+00,-1.171624287239949880e-01
1.407807832334651010e+00,-1.412803381714267392e-01
1.045664050292509639e+00,-2.783670913301122818e-01
9.835659114141696024e-01,-3.989341452324000059e-01
1.440468323736200595e+00,-7.482587439218230108e-02
1.095665538948022100e+00,-2.641373853420079243e-01
1.477551563287755387e+00,-2.262298297785013679e-01
1.089854909675326500e+00,-4.004589632043265568e-01
