NUMBER,CENTROIDER,DATA,suma por microcluster;;;;;;;;;;;;;;
;;;;;;;;;;;;;;
"1,""[-1.4179189395371739, 0.3037313700086223]"",""[-1.4229713669418718, 0.2767203937123988]"",";;;;;;;;;;Hay 10 grupos finales y uno de ellos representa valores atípicos (el negro).;;;;
;;;;;;;;;;;;;;
"1,""[-1.4179189395371739, 0.3037313700086223]"",""[-1.417417481659229, 0.30554040486141326]"",";;;;;;;;;;- Cluster n°1 -> 1 microClusters;;;;9
;;;;;;;;;;;;;;
"1,""[-1.4179189395371739, 0.3037313700086223]"",""[-1.417417481659229, 0.30554040486141326]"",";;;;;;;;;;- Cluster n°2 -> 9 microClusters;;;;138
;;;;;;;;;;;;;;
"1,""[-1.4179189395371739, 0.3037313700086223]"",""[-1.417417481659229, 0.30554040486141326]"",";;;;;;;;;;- Cluster n°3 -> 4 microClusters;;;;79
;;;;;;;;;;;;;;
"1,""[-1.4179189395371739, 0.3037313700086223]"",""[-1.4177032845805402, 0.3112853640258989]"",";;;;;;;;;;- Cluster n°4 -> 1 microClusters;;;;17
;;;;;;;;;;;;;;
"1,""[-1.4179189395371739, 0.3037313700086223]"",""[-1.4094597148706154, 0.34025281757893455]"",";;;;;;;;;;- Cluster n°5 -> 1 microClusters;;;;17
;;;;;;;;;;;;;;
"1,""[-1.4179189395371739, 0.3037313700086223]"",""[-1.4094597148706154, 0.34025281757893455]"",";;;;;;;;;;- Cluster n°6 -> 3 microClusters;;;;30
;;;;;;;;;;;;;;
"1,""[-1.4179189395371739, 0.3037313700086223]"",""[-1.4094597148706154, 0.34025281757893455]"",";;;;;;;;;;- Cluster n°7 -> 1 microClusters;;;;7
;;;;;;;;;;;;;;
--------------------,--------------------------------------,----------------------------,9;;;;;;;;;;- Cluster n°8 -> 2 microClusters;;;;21
;;;;;;;;;;;;;;
"2,""[-0.5149460537070335, 0.2586469495525178]"",""[-0.6802939561683969, 0.3253533540938881]"",";;;;;;;;;;- Cluster n°9 -> 5 microClusters;;;;84
;;;;;;;;;;;;;;
"2,""[-0.5149460537070335, 0.2586469495525178]"",""[-0.6514194914706599, 0.30997232781253997]"",";;;;;;;;;;- Cluster n°-1 -> 26 microClusters;;;;98
;;;;;;;;;;;;;;
"2,""[-0.5149460537070335, 0.2586469495525178]"",""[-0.6170094628598755, 0.3251068980930903]"",";;;;;;;;;;TOTAL;;;;500
;;;;;;;;;;;;;;
"2,""[-0.5149460537070335, 0.2586469495525178]"",""[-0.5830516170644213, 0.29599120893613856]"",";;;;;;;;;;;;;;
;;;;;;;;;;;;;;
"2,""[-0.5149460537070335, 0.2586469495525178]"",""[-0.5504184124239394, 0.2832672589203368]"",";;;;;;;;;;;;;;
;;;;;;;;;;;;;;
"2,""[-0.5149460537070335, 0.2586469495525178]"",""[-0.5258652884938666, 0.2727425039821995]"",";;;;;;;;;;;;;;
;;;;;;;;;;;;;;
"2,""[-0.5149460537070335, 0.2586469495525178]"",""[-0.5090602579926776, 0.24956189302608398]"",";;;;;;;;;;;;;;
;;;;;;;;;;;;;;
"2,""[-0.5149460537070335, 0.2586469495525178]"",""[-0.5057250235343954, 0.2485905601287475]"",";;;;;;;;;;;;;;
;;;;;;;;;;;;;;
"2,""[-0.5149460537070335, 0.2586469495525178]"",""[-0.5057250235343954, 0.2485905601287475]"",";;;;;;;;;;;;;;
;;;;;;;;;;;;;;
"2,""[-0.5149460537070335, 0.2586469495525178]"",""[-0.5057250235343954, 0.2485905601287475]"",";;;;;;;;;;;;;;
;;;;;;;;;;;;;;
"2,""[-0.5149460537070335, 0.2586469495525178]"",""[-0.5057250235343954, 0.2485905601287475]"",";;;;;;;;;;;;;;
;;;;;;;;;;;;;;
"2,""[-0.5149460537070335, 0.2586469495525178]"",""[-0.5007811849118512, 0.2461458824776193]"",";;;;;;;;;;;;;;
;;;;;;;;;;;;;;
"2,""[-0.5149460537070335, 0.2586469495525178]"",""[-0.49861403634938306, 0.243964742219109]"",";;;;;;;;;;;;;;
;;;;;;;;;;;;;;
"2,""[-0.5149460537070335, 0.2586469495525178]"",""[-0.49816750971314094, 0.2417742888289055]"",";;;;;;;;;;;;;;
;;;;;;;;;;;;;;
"2,""[-0.5149460537070335, 0.2586469495525178]"",""[-0.4975765225396462, 0.2434960909624479]"",";;;;;;;;;;;;;;
;;;;;;;;;;;;;;
"2,""[-0.5149460537070335, 0.2586469495525178]"",""[-0.497260855314604, 0.24535433367415876]"",";;;;;;;;;;;;;;
;;;;;;;;;;;;;;
"2,""[-0.5149460537070335, 0.2586469495525178]"",""[-0.49367511601445135, 0.24524844129335505]"",";;;;;;;;;;;;;;
;;;;;;;;;;;;;;
"2,""[-0.5149460537070335, 0.2586469495525178]"",""[-0.47809303485299204, 0.2322465984619978]"",";;;;;;;;;;;;;;
;;;;;;;;;;;;;;
"2,""[-0.5149460537070335, 0.2586469495525178]"",""[-0.4609991109482667, 0.23016492900760516]"",";;;;;;;;;;;;;;
;;;;;;;;;;;;;;
"2,""[-0.5149460537070335, 0.2586469495525178]"",""[-0.4583716247806291, 0.2303887636000173]"",";;;;;;;;;;;;;;
;;;;;;;;;;;;;;
"2,""[-0.5149460537070335, 0.2586469495525178]"",""[-0.46161172821572194, 0.23476685046611287]"",";;;;;;;;;;;;;;
;;;;;;;;;;;;;;
"2,""[-0.5149460537070335, 0.2586469495525178]"",""[-0.46161172821572194, 0.23476685046611287]"",";;;;;;;;;;;;;;
;;;;;;;;;;;;;;
"2,""[-0.5149460537070335, 0.2586469495525178]"",""[-0.4636111985114262, 0.23765586852810638]"",";;;;;;;;;;;;;;
;;;;;;;;;;;;;;
"2,""[-0.5149460537070335, 0.2586469495525178]"",""[-0.4546290929780991, 0.22760484577247223]"",";;;;;;;;;;;;;;
;;;;;;;;;;;;;;
"2,""[-0.5149460537070335, 0.2586469495525178]"",""[-0.435442533946809, 0.20839352637139924]"",";;;;;;;;;;;;;;
;;;;;;;;;;;;;;
"2,""[-0.5149460537070335, 0.2586469495525178]"",""[-0.40860450449697944, 0.19097975472920775]"",";;;;;;;;;;;;;;
;;;;;;;;;;;;;;
--------------------,--------------------------------------,----------------------------,27;;;;;;;;;;;;;;
;;;;;;;;;;;;;;
"3,""[-0.34520797720143287, 0.07091574941662125]"",""[-0.34444729983095174, 0.14479903338997024]"",";;;;;;;;;;;;;;
;;;;;;;;;;;;;;
"3,""[-0.34520797720143287, 0.07091574941662125]"",""[-0.3101482643343721, 0.12382973884591529]"",";;;;;;;;;;;;;;
;;;;;;;;;;;;;;
"3,""[-0.34520797720143287, 0.07091574941662125]"",""[-0.2788656464154177, 0.1082895009753837]"",";;;;;;;;;;;;;;
;;;;;;;;;;;;;;
"3,""[-0.34520797720143287, 0.07091574941662125]"",""[-0.24737868987234424, 0.09165136530069759]"",";;;;;;;;;;;;;;
;;;;;;;;;;;;;;
"3,""[-0.34520797720143287, 0.07091574941662125]"",""[-0.3103110682382941, 0.02051141228098545]"",";;;;;;;;;;;;;;
;;;;;;;;;;;;;;
"3,""[-0.34520797720143287, 0.07091574941662125]"",""[-0.36029970485138174, 0.04082271683688711]"",";;;;;;;;;;;;;;
;;;;;;;;;;;;;;
"3,""[-0.34520797720143287, 0.07091574941662125]"",""[-0.40718754257679524, 0.06367293446317848]"",";;;;;;;;;;;;;;
;;;;;;;;;;;;;;
"3,""[-0.34520797720143287, 0.07091574941662125]"",""[-0.29180023851529324, 0.010288055674166588]"",";;;;;;;;;;;;;;
;;;;;;;;;;;;;;
"3,""[-0.34520797720143287, 0.07091574941662125]"",""[-0.3418922350910914, 0.03232582111591276]"",";;;;;;;;;;;;;;
;;;;;;;;;;;;;;
"3,""[-0.34520797720143287, 0.07091574941662125]"",""[-0.3900842876212192, 0.05639471701541391]"",";;;;;;;;;;;;;;
;;;;;;;;;;;;;;
"3,""[-0.34520797720143287, 0.07091574941662125]"",""[-0.4367484919721354, 0.07721380419116633]"",";;;;;;;;;;;;;;
;;;;;;;;;;;;;;
"3,""[-0.34520797720143287, 0.07091574941662125]"",""[-0.31272241205639567, 0.020555778725958228]"",";;;;;;;;;;;;;;
;;;;;;;;;;;;;;
"3,""[-0.34520797720143287, 0.07091574941662125]"",""[-0.36083253907254237, 0.039246889663747446]"",";;;;;;;;;;;;;;
;;;;;;;;;;;;;;
"3,""[-0.34520797720143287, 0.07091574941662125]"",""[-0.40766538888745857, 0.06311991324793101]"",";;;;;;;;;;;;;;
;;;;;;;;;;;;;;
--------------------,--------------------------------------,----------------------------,15;;;;;;;;;;;;;;
;;;;;;;;;;;;;;
"4,""[-0.025643648385774674, 0.012692603141579158]"",""[-0.14648057526680563, 0.035528028631102784]"",";;;;;;;;;;;;;;
;;;;;;;;;;;;;;
"4,""[-0.025643648385774674, 0.012692603141579158]"",""[-0.1113468513288037, 0.021812002034728106]"",";;;;;;;;;;;;;;
;;;;;;;;;;;;;;
"4,""[-0.025643648385774674, 0.012692603141579158]"",""[-0.07733064993761106, 0.009062998889507684]"",";;;;;;;;;;;;;;
;;;;;;;;;;;;;;
"4,""[-0.025643648385774674, 0.012692603141579158]"",""[-0.047705792242810824, 0.0005723374677237731]"",";;;;;;;;;;;;;;
;;;;;;;;;;;;;;
"4,""[-0.025643648385774674, 0.012692603141579158]"",""[-0.0210200586791998, 0.022200006808894723]"",";;;;;;;;;;;;;;
;;;;;;;;;;;;;;
"4,""[-0.025643648385774674, 0.012692603141579158]"",""[-0.0005241859639580658, 0.03245588547011203]"",";;;;;;;;;;;;;;
;;;;;;;;;;;;;;
"4,""[-0.025643648385774674, 0.012692603141579158]"",""[0.007512445268273501, 0.024967592917452115]"",";;;;;;;;;;;;;;
;;;;;;;;;;;;;;
"4,""[-0.025643648385774674, 0.012692603141579158]"",""[0.009388686677046447, 0.021229697093384445]"",";;;;;;;;;;;;;;
;;;;;;;;;;;;;;
"4,""[-0.025643648385774674, 0.012692603141579158]"",""[0.009388686677046447, 0.021229697093384445]"",";;;;;;;;;;;;;;
;;;;;;;;;;;;;;
"4,""[-0.025643648385774674, 0.012692603141579158]"",""[0.009388686677046447, 0.021229697093384445]"",";;;;;;;;;;;;;;
;;;;;;;;;;;;;;
"4,""[-0.025643648385774674, 0.012692603141579158]"",""[0.009388686677046447, 0.021229697093384445]"",";;;;;;;;;;;;;;
;;;;;;;;;;;;;;
"4,""[-0.025643648385774674, 0.012692603141579158]"",""[0.009083097751433821, 0.024420781625662785]"",";;;;;;;;;;;;;;
;;;;;;;;;;;;;;
"4,""[-0.025643648385774674, 0.012692603141579158]"",""[0.015203561681656593, 0.017041312783543216]"",";;;;;;;;;;;;;;
;;;;;;;;;;;;;;
"4,""[-0.025643648385774674, 0.012692603141579158]"",""[0.039460155928834666, -0.04193363019968191]"",";;;;;;;;;;;;;;
;;;;;;;;;;;;;;
"4,""[-0.025643648385774674, 0.012692603141579158]"",""[0.06654397726892347, -0.08150980806624793]"",";;;;;;;;;;;;;;
;;;;;;;;;;;;;;
--------------------,--------------------------------------,----------------------------,16;;;;;;;;;;;;;;
;;;;;;;;;;;;;;
"5,""[0.08456647308696255, -0.20428710106971765]"",""[0.13019602284561432, -0.12105035486849644]"",";;;;;;;;;;;;;;
;;;;;;;;;;;;;;
"5,""[0.08456647308696255, -0.20428710106971765]"",""[0.1643354192241062, -0.13843787075133457]"",";;;;;;;;;;;;;;
;;;;;;;;;;;;;;
"5,""[0.08456647308696255, -0.20428710106971765]"",""[0.20126729889516282, -0.1558145648625746]"",";;;;;;;;;;;;;;
;;;;;;;;;;;;;;
"5,""[0.08456647308696255, -0.20428710106971765]"",""[0.24051779497076667, -0.14276612429030466]"",";;;;;;;;;;;;;;
;;;;;;;;;;;;;;
"5,""[0.08456647308696255, -0.20428710106971765]"",""[0.28125754474430376, -0.0908962917498818]"",";;;;;;;;;;;;;;
;;;;;;;;;;;;;;
"5,""[0.08456647308696255, -0.20428710106971765]"",""[0.08048355520679476, -0.21476119881705807]"",";;;;;;;;;;;;;;
;;;;;;;;;;;;;;
"5,""[0.08456647308696255, -0.20428710106971765]"",""[0.09542188875719401, -0.2216162641020591]"",";;;;;;;;;;;;;;
;;;;;;;;;;;;;;
"5,""[0.08456647308696255, -0.20428710106971765]"",""[0.057270786806906476, -0.20699212482354173]"",";;;;;;;;;;;;;;
;;;;;;;;;;;;;;
"5,""[0.08456647308696255, -0.20428710106971765]"",""[0.11856178598436375, -0.23367651771882259]"",";;;;;;;;;;;;;;
;;;;;;;;;;;;;;
"5,""[0.08456647308696255, -0.20428710106971765]"",""[0.08126952335038924, -0.21770047039531007]"",";;;;;;;;;;;;;;
;;;;;;;;;;;;;;
"5,""[0.08456647308696255, -0.20428710106971765]"",""[0.04183484145132243, -0.19866185629030625]"",";;;;;;;;;;;;;;
;;;;;;;;;;;;;;
"5,""[0.08456647308696255, -0.20428710106971765]"",""[0.07067967329908259, -0.24545881646221604]"",";;;;;;;;;;;;;;
;;;;;;;;;;;;;;
"5,""[0.08456647308696255, -0.20428710106971765]"",""[0.036038798559605706, -0.23822286018414413]"",";;;;;;;;;;;;;;
;;;;;;;;;;;;;;
"5,""[0.08456647308696255, -0.20428710106971765]"",""[0.008095003119026868, -0.26443851320997747]"",";;;;;;;;;;;;;;
;;;;;;;;;;;;;;
"5,""[0.08456647308696255, -0.20428710106971765]"",""[-0.0011774448820738208, -0.2575537750891667]"",";;;;;;;;;;;;;;
;;;;;;;;;;;;;;
"5,""[0.08456647308696255, -0.20428710106971765]"",""[-0.0011774448820738208, -0.2575537750891667]"",";;;;;;;;;;;;;;
;;;;;;;;;;;;;;
"5,""[0.08456647308696255, -0.20428710106971765]"",""[-0.0011774448820738208, -0.2575537750891667]"",";;;;;;;;;;;;;;
;;;;;;;;;;;;;;
"5,""[0.08456647308696255, -0.20428710106971765]"",""[-0.0011774448820738208, -0.2575537750891667]"",";;;;;;;;;;;;;;
;;;;;;;;;;;;;;
"5,""[0.08456647308696255, -0.20428710106971765]"",""[-0.008551141682679802, -0.25430815698531734]"",";;;;;;;;;;;;;;
;;;;;;;;;;;;;;
--------------------,--------------------------------------,----------------------------,20;;;;;;;;;;;;;;
;;;;;;;;;;;;;;
"6,""[0.7098885743210912, 1.6655886956391137]"",""[0.6688668478925522, 1.7106519911580316]"",";;;;;;;;;;;;;;
;;;;;;;;;;;;;;
"6,""[0.7098885743210912, 1.6655886956391137]"",""[0.6783739589056461, 1.6462620811941018]"",";;;;;;;;;;;;;;
;;;;;;;;;;;;;;
"6,""[0.7098885743210912, 1.6655886956391137]"",""[0.6972587637675898, 1.6837872163572876]"",";;;;;;;;;;;;;;
;;;;;;;;;;;;;;
"6,""[0.7098885743210912, 1.6655886956391137]"",""[0.6787787620439406, 1.633506767115506]"",";;;;;;;;;;;;;;
;;;;;;;;;;;;;;
"6,""[0.7098885743210912, 1.6655886956391137]"",""[0.752171644907339, 1.6901638811606823]"",";;;;;;;;;;;;;;
;;;;;;;;;;;;;;
"6,""[0.7098885743210912, 1.6655886956391137]"",""[0.7453245714204227, 1.6804546941062644]"",";;;;;;;;;;;;;;
;;;;;;;;;;;;;;
"6,""[0.7098885743210912, 1.6655886956391137]"",""[0.7453245714204227, 1.6804546941062644]"",";;;;;;;;;;;;;;
;;;;;;;;;;;;;;
"6,""[0.7098885743210912, 1.6655886956391137]"",""[0.7453245714204227, 1.6804546941062644]"",";;;;;;;;;;;;;;
;;;;;;;;;;;;;;
"6,""[0.7098885743210912, 1.6655886956391137]"",""[0.7453245714204227, 1.6804546941062644]"",";;;;;;;;;;;;;;
;;;;;;;;;;;;;;
"6,""[0.7098885743210912, 1.6655886956391137]"",""[0.7364930858997242, 1.6722422105763177]"",";;;;;;;;;;;;;;
;;;;;;;;;;;;;;
"6,""[0.7098885743210912, 1.6655886956391137]"",""[0.7163616518841207, 1.660247954738209]"",";;;;;;;;;;;;;;
;;;;;;;;;;;;;;
"6,""[0.7098885743210912, 1.6655886956391137]"",""[0.6875358809583317, 1.6248693606824323]"",";;;;;;;;;;;;;;
;;;;;;;;;;;;;;
--------------------,--------------------------------------,----------------------------,13;;;;;;;;;;;;;;
;;;;;;;;;;;;;;
"7,""[0.7741852399806486, 1.7987960715727709]"",""[0.7326197592514129, 1.8490003253995857]"",";;;;;;;;;;;;;;
;;;;;;;;;;;;;;
"7,""[0.7741852399806486, 1.7987960715727709]"",""[0.7507277054950543, 1.8639014127716715]"",";;;;;;;;;;;;;;
;;;;;;;;;;;;;;
"7,""[0.7741852399806486, 1.7987960715727709]"",""[0.756092748542027, 1.8685234805059259]"",";;;;;;;;;;;;;;
;;;;;;;;;;;;;;
"7,""[0.7741852399806486, 1.7987960715727709]"",""[0.756092748542027, 1.8685234805059259]"",";;;;;;;;;;;;;;
;;;;;;;;;;;;;;
"7,""[0.7741852399806486, 1.7987960715727709]"",""[0.756092748542027, 1.8685234805059259]"",";;;;;;;;;;;;;;
;;;;;;;;;;;;;;
"7,""[0.7741852399806486, 1.7987960715727709]"",""[0.7604582553221896, 1.875351657792331]"",";;;;;;;;;;;;;;
;;;;;;;;;;;;;;
"7,""[0.7741852399806486, 1.7987960715727709]"",""[0.7749825509936907, 1.8656456831173898]"",";;;;;;;;;;;;;;
;;;;;;;;;;;;;;
"7,""[0.7741852399806486, 1.7987960715727709]"",""[0.7965233730962624, 1.843647211774628]"",";;;;;;;;;;;;;;
;;;;;;;;;;;;;;
"7,""[0.7741852399806486, 1.7987960715727709]"",""[0.8249595203384562, 1.8154903694394195]"",";;;;;;;;;;;;;;
;;;;;;;;;;;;;;
"7,""[0.7741852399806486, 1.7987960715727709]"",""[0.8586041629542049, 1.7770709846099177]"",";;;;;;;;;;;;;;
;;;;;;;;;;;;;;
"7,""[0.7741852399806486, 1.7987960715727709]"",""[0.8321923764535594, 1.74358708220887]"",";;;;;;;;;;;;;;
;;;;;;;;;;;;;;
"7,""[0.7741852399806486, 1.7987960715727709]"",""[0.7806063585955254, 1.765590995459122]"",";;;;;;;;;;;;;;
;;;;;;;;;;;;;;
"7,""[0.7741852399806486, 1.7987960715727709]"",""[0.7294901587505858, 1.7351240386288775]"",";;;;;;;;;;;;;;
;;;;;;;;;;;;;;
"7,""[0.7741852399806486, 1.7987960715727709]"",""[0.8002673028150538, 1.7503067387856226]"",";;;;;;;;;;;;;;
;;;;;;;;;;;;;;
"7,""[0.7741852399806486, 1.7987960715727709]"",""[0.7483035512743358, 1.7494942866010774]"",";;;;;;;;;;;;;;
;;;;;;;;;;;;;;
"7,""[0.7741852399806486, 1.7987960715727709]"",""[0.8314231680924599, 1.7479583751513919]"",";;;;;;;;;;;;;;
;;;;;;;;;;;;;;
"7,""[0.7741852399806486, 1.7987960715727709]"",""[0.7807405658896803, 1.7635401238909896]"",";;;;;;;;;;;;;;
;;;;;;;;;;;;;;
"7,""[0.7741852399806486, 1.7987960715727709]"",""[0.7304139700035585, 1.728800235112135]"",";;;;;;;;;;;;;;
;;;;;;;;;;;;;;
"7,""[0.7741852399806486, 1.7987960715727709]"",""[0.7788943618588487, 1.711445788323331]"",";;;;;;;;;;;;;;
;;;;;;;;;;;;;;
--------------------,--------------------------------------,----------------------------,20;;;;;;;;;;;;;;
;;;;;;;;;;;;;;
"8,""[0.8868203588814214, 1.6472596503852364]"",""[0.9328910226241389, 1.6183042716632519]"",";;;;;;;;;;;;;;
;;;;;;;;;;;;;;
"8,""[0.8868203588814214, 1.6472596503852364]"",""[0.9270956151357375, 1.565016862963279]"",";;;;;;;;;;;;;;
;;;;;;;;;;;;;;
"8,""[0.8868203588814214, 1.6472596503852364]"",""[0.8806775954239692, 1.6733438205851332]"",";;;;;;;;;;;;;;
;;;;;;;;;;;;;;
"8,""[0.8868203588814214, 1.6472596503852364]"",""[0.8981792560544458, 1.6285912462253438]"",";;;;;;;;;;;;;;
;;;;;;;;;;;;;;
"8,""[0.8868203588814214, 1.6472596503852364]"",""[0.8505171582433058, 1.7109028079398132]"",";;;;;;;;;;;;;;
;;;;;;;;;;;;;;
"8,""[0.8868203588814214, 1.6472596503852364]"",""[0.9260737559098867, 1.5661977751091403]"",";;;;;;;;;;;;;;
;;;;;;;;;;;;;;
"8,""[0.8868203588814214, 1.6472596503852364]"",""[0.8807694843104452, 1.6747562133007745]"",";;;;;;;;;;;;;;
;;;;;;;;;;;;;;
"8,""[0.8868203588814214, 1.6472596503852364]"",""[0.8930781246522401, 1.5970579140166226]"",";;;;;;;;;;;;;;
;;;;;;;;;;;;;;
"8,""[0.8868203588814214, 1.6472596503852364]"",""[0.8545456427007765, 1.6657404098555264]"",";;;;;;;;;;;;;;
;;;;;;;;;;;;;;
"8,""[0.8868203588814214, 1.6472596503852364]"",""[0.8158848721777622, 1.704176451226163]"",";;;;;;;;;;;;;;
;;;;;;;;;;;;;;
--------------------,--------------------------------------,----------------------------,11;;;;;;;;;;;;;;
;;;;;;;;;;;;;;
"9,""[0.9679479039646371, 1.4306269402465919]"",""[1.008386454926376, 1.383671891778847]"",";;;;;;;;;;;;;;
;;;;;;;;;;;;;;
"9,""[0.9679479039646371, 1.4306269402465919]"",""[0.9707886903706826, 1.4135283831592318]"",";;;;;;;;;;;;;;
;;;;;;;;;;;;;;
"9,""[0.9679479039646371, 1.4306269402465919]"",""[0.9854752014657839, 1.3476351259488166]"",";;;;;;;;;;;;;;
;;;;;;;;;;;;;;
"9,""[0.9679479039646371, 1.4306269402465919]"",""[0.9433099744100253, 1.4925562839584583]"",";;;;;;;;;;;;;;
;;;;;;;;;;;;;;
"9,""[0.9679479039646371, 1.4306269402465919]"",""[0.9700771195262472, 1.416152889997176]"",";;;;;;;;;;;;;;
;;;;;;;;;;;;;;
"9,""[0.9679479039646371, 1.4306269402465919]"",""[0.9639971502107099, 1.3780851843856339]"",";;;;;;;;;;;;;;
;;;;;;;;;;;;;;
"9,""[0.9679479039646371, 1.4306269402465919]"",""[0.9305885187689207, 1.513201348235281]"",";;;;;;;;;;;;;;
;;;;;;;;;;;;;;
--------------------,--------------------------------------,----------------------------,8;;;;;;;;;;;;;;
;;;;;;;;;;;;;;
"10,""[1.0780070292411146, 0.9835272865210671]"",""[1.0806321418751181, 0.9311348999439394]"",";;;;;;;;;;;;;;
;;;;;;;;;;;;;;
"10,""[1.0780070292411146, 0.9835272865210671]"",""[1.0644704022187155, 1.012380118167546]"",";;;;;;;;;;;;;;
;;;;;;;;;;;;;;
"10,""[1.0780070292411146, 0.9835272865210671]"",""[1.089368877650244, 0.9092156170930463]"",";;;;;;;;;;;;;;
;;;;;;;;;;;;;;
"10,""[1.0780070292411146, 0.9835272865210671]"",""[1.0727091308993706, 0.9901561657519585]"",";;;;;;;;;;;;;;
;;;;;;;;;;;;;;
"10,""[1.0780070292411146, 0.9835272865210671]"",""[1.0842005698283355, 0.9704507045005091]"",";;;;;;;;;;;;;;
;;;;;;;;;;;;;;
"10,""[1.0780070292411146, 0.9835272865210671]"",""[1.067545146577173, 1.0421188368912606]"",";;;;;;;;;;;;;;
;;;;;;;;;;;;;;
"10,""[1.0780070292411146, 0.9835272865210671]"",""[1.0725378000409356, 0.9987601268258088]"",";;;;;;;;;;;;;;
;;;;;;;;;;;;;;
--------------------,--------------------------------------,----------------------------,8;;;;;;;;;;;;;;
;;;;;;;;;;;;;;
"11,""[1.1492951904525768, 0.31262657847356595]"",""[1.1460308093235574, 0.2718638061701905]"",";;;;;;;;;;;;;;
;;;;;;;;;;;;;;
"11,""[1.1492951904525768, 0.31262657847356595]"",""[1.146594590939496, 0.31248641528920984]"",";;;;;;;;;;;;;;
;;;;;;;;;;;;;;
"11,""[1.1492951904525768, 0.31262657847356595]"",""[1.1468764817474526, 0.31248641528920984]"",";;;;;;;;;;;;;;
;;;;;;;;;;;;;;
"11,""[1.1492951904525768, 0.31262657847356595]"",""[1.1468764817474526, 0.31248641528920984]"",";;;;;;;;;;;;;;
;;;;;;;;;;;;;;
"11,""[1.1492951904525768, 0.31262657847356595]"",""[1.1468764817474526, 0.31248641528920984]"",";;;;;;;;;;;;;;
;;;;;;;;;;;;;;
"11,""[1.1492951904525768, 0.31262657847356595]"",""[1.1468764817474526, 0.31248641528920984]"",";;;;;;;;;;;;;;
;;;;;;;;;;;;;;
"11,""[1.1492951904525768, 0.31262657847356595]"",""[1.1468764817474526, 0.31248641528920984]"",";;;;;;;;;;;;;;
;;;;;;;;;;;;;;
"11,""[1.1492951904525768, 0.31262657847356595]"",""[1.1468764817474526, 0.31248641528920984]"",";;;;;;;;;;;;;;
;;;;;;;;;;;;;;
"11,""[1.1492951904525768, 0.31262657847356595]"",""[1.1468764817474526, 0.31248641528920984]"",";;;;;;;;;;;;;;
;;;;;;;;;;;;;;
"11,""[1.1492951904525768, 0.31262657847356595]"",""[1.151486336093955, 0.2540237103522025]"",";;;;;;;;;;;;;;
;;;;;;;;;;;;;;
"11,""[1.1492951904525768, 0.31262657847356595]"",""[1.149062075145422, 0.32922631547535336]"",";;;;;;;;;;;;;;
;;;;;;;;;;;;;;
"11,""[1.1492951904525768, 0.31262657847356595]"",""[1.1488365624990415, 0.3360813807603544]"",";;;;;;;;;;;;;;
;;;;;;;;;;;;;;
"11,""[1.1492951904525768, 0.31262657847356595]"",""[1.1488365624990415, 0.3360813807603544]"",";;;;;;;;;;;;;;
;;;;;;;;;;;;;;
"11,""[1.1492951904525768, 0.31262657847356595]"",""[1.1488365624990415, 0.3360813807603544]"",";;;;;;;;;;;;;;
;;;;;;;;;;;;;;
"11,""[1.1492951904525768, 0.31262657847356595]"",""[1.1488365624990415, 0.3360813807603544]"",";;;;;;;;;;;;;;
;;;;;;;;;;;;;;
"11,""[1.1492951904525768, 0.31262657847356595]"",""[1.1488365624990415, 0.3360813807603544]"",";;;;;;;;;;;;;;
;;;;;;;;;;;;;;
"11,""[1.1492951904525768, 0.31262657847356595]"",""[1.1488365624990415, 0.3360813807603544]"",";;;;;;;;;;;;;;
;;;;;;;;;;;;;;
"11,""[1.1492951904525768, 0.31262657847356595]"",""[1.1488365624990415, 0.3360813807603544]"",";;;;;;;;;;;;;;
;;;;;;;;;;;;;;
"11,""[1.1492951904525768, 0.31262657847356595]"",""[1.1500003576537183, 0.290317001813916]"",";;;;;;;;;;;;;;
;;;;;;;;;;;;;;
"11,""[1.1492951904525768, 0.31262657847356595]"",""[1.1489248450549636, 0.3154822884291121]"",";;;;;;;;;;;;;;
;;;;;;;;;;;;;;
"11,""[1.1492951904525768, 0.31262657847356595]"",""[1.1489248450549636, 0.3154822884291121]"",";;;;;;;;;;;;;;
;;;;;;;;;;;;;;
"11,""[1.1492951904525768, 0.31262657847356595]"",""[1.1489248450549636, 0.3154822884291121]"",";;;;;;;;;;;;;;
;;;;;;;;;;;;;;
"11,""[1.1492951904525768, 0.31262657847356595]"",""[1.1489248450549636, 0.3154822884291121]"",";;;;;;;;;;;;;;
;;;;;;;;;;;;;;
"11,""[1.1492951904525768, 0.31262657847356595]"",""[1.1489248450549636, 0.3154822884291121]"",";;;;;;;;;;;;;;
;;;;;;;;;;;;;;
"11,""[1.1492951904525768, 0.31262657847356595]"",""[1.1487301758042467, 0.31800282784028505]"",";;;;;;;;;;;;;;
;;;;;;;;;;;;;;
"11,""[1.1492951904525768, 0.31262657847356595]"",""[1.1486007034097045, 0.31119077966131875]"",";;;;;;;;;;;;;;
;;;;;;;;;;;;;;
"11,""[1.1492951904525768, 0.31262657847356595]"",""[1.1486737354552847, 0.31594330878268123]"",";;;;;;;;;;;;;;
;;;;;;;;;;;;;;
"11,""[1.1492951904525768, 0.31262657847356595]"",""[1.1571423390194748, 0.3272910966256482]"",";;;;;;;;;;;;;;
;;;;;;;;;;;;;;
--------------------,--------------------------------------,----------------------------,29;;;;;;;;;;;;;;
;;;;;;;;;;;;;;
"12,""[1.1759400494136725, 0.07226361497502633]"",""[1.150822953058997, 0.09413989130063898]"",";;;;;;;;;;;;;;
;;;;;;;;;;;;;;
"12,""[1.1759400494136725, 0.07226361497502633]"",""[1.1588267727334054, 0.0165337818225627]"",";;;;;;;;;;;;;;
;;;;;;;;;;;;;;
"12,""[1.1759400494136725, 0.07226361497502633]"",""[1.1550316244995158, 0.12903448407766555]"",";;;;;;;;;;;;;;
;;;;;;;;;;;;;;
"12,""[1.1759400494136725, 0.07226361497502633]"",""[1.2230986194469873, 0.02293138062463597]"",";;;;;;;;;;;;;;
;;;;;;;;;;;;;;
"12,""[1.1759400494136725, 0.07226361497502633]"",""[1.205055128386216, 0.04855661881351334]"",";;;;;;;;;;;;;;
;;;;;;;;;;;;;;
"12,""[1.1759400494136725, 0.07226361497502633]"",""[1.16492783846272, 0.12600550838302146]"",";;;;;;;;;;;;;;
;;;;;;;;;;;;;;
--------------------,--------------------------------------,----------------------------,7;;;;;;;;;;;;;;
;;;;;;;;;;;;;;
"13,""[1.1629216740123407, -0.5043044515223015]"",""[1.1674545107290948, -0.5490514196242202]"",";;;;;;;;;;;;;;
;;;;;;;;;;;;;;
"13,""[1.1629216740123407, -0.5043044515223015]"",""[1.174407817325995, -0.5304327238131811]"",";;;;;;;;;;;;;;
;;;;;;;;;;;;;;
"13,""[1.1629216740123407, -0.5043044515223015]"",""[1.154880301421861, -0.4553486012880994]"",";;;;;;;;;;;;;;
;;;;;;;;;;;;;;
"13,""[1.1629216740123407, -0.5043044515223015]"",""[1.1579247221479338, -0.5013029278469995]"",";;;;;;;;;;;;;;
;;;;;;;;;;;;;;
"13,""[1.1629216740123407, -0.5043044515223015]"",""[1.1580656675519123, -0.502267714813892]"",";;;;;;;;;;;;;;
;;;;;;;;;;;;;;
"13,""[1.1629216740123407, -0.5043044515223015]"",""[1.1580656675519123, -0.502267714813892]"",";;;;;;;;;;;;;;
;;;;;;;;;;;;;;
"13,""[1.1629216740123407, -0.5043044515223015]"",""[1.161566751386871, -0.5266920585436806]"",";;;;;;;;;;;;;;
;;;;;;;;;;;;;;
"13,""[1.1629216740123407, -0.5043044515223015]"",""[1.1731186366973723, -0.5486790457270497]"",";;;;;;;;;;;;;;
;;;;;;;;;;;;;;
"13,""[1.1629216740123407, -0.5043044515223015]"",""[1.1747479655674113, -0.45037233167129015]"",";;;;;;;;;;;;;;
;;;;;;;;;;;;;;
"13,""[1.1629216740123407, -0.5043044515223015]"",""[1.1560283918984053, -0.4724631399332283]"",";;;;;;;;;;;;;;
;;;;;;;;;;;;;;
"13,""[1.1629216740123407, -0.5043044515223015]"",""[1.1573595205775244, -0.4863271905380194]"",";;;;;;;;;;;;;;
;;;;;;;;;;;;;;
"13,""[1.1629216740123407, -0.5043044515223015]"",""[1.1578016972783338, -0.49287923904554537]"",";;;;;;;;;;;;;;
;;;;;;;;;;;;;;
"13,""[1.1629216740123407, -0.5043044515223015]"",""[1.157881896376292, -0.4995350482479436]"",";;;;;;;;;;;;;;
;;;;;;;;;;;;;;
"13,""[1.1629216740123407, -0.5043044515223015]"",""[1.1649197498997004, -0.5254514753412027]"",";;;;;;;;;;;;;;
;;;;;;;;;;;;;;
"13,""[1.1629216740123407, -0.5043044515223015]"",""[1.173807592104743, -0.4953678692953993]"",";;;;;;;;;;;;;;
;;;;;;;;;;;;;;
--------------------,--------------------------------------,----------------------------,16;;;;;;;;;;;;;;
;;;;;;;;;;;;;;
"14,""[1.1402037336425932, -0.22555975788575625]"",""[1.1364953829262463, -0.2622896514794555]"",";;;;;;;;;;;;;;
;;;;;;;;;;;;;;
"14,""[1.1402037336425932, -0.22555975788575625]"",""[1.1363093349929918, -0.21953435538592705]"",";;;;;;;;;;;;;;
;;;;;;;;;;;;;;
"14,""[1.1402037336425932, -0.22555975788575625]"",""[1.1363093349929918, -0.21953435538592705]"",";;;;;;;;;;;;;;
;;;;;;;;;;;;;;
"14,""[1.1402037336425932, -0.22555975788575625]"",""[1.1363093349929918, -0.21953435538592705]"",";;;;;;;;;;;;;;
;;;;;;;;;;;;;;
"14,""[1.1402037336425932, -0.22555975788575625]"",""[1.1363093349929918, -0.21953435538592705]"",";;;;;;;;;;;;;;
;;;;;;;;;;;;;;
"14,""[1.1402037336425932, -0.22555975788575625]"",""[1.1363093349929918, -0.21953435538592705]"",";;;;;;;;;;;;;;
;;;;;;;;;;;;;;
"14,""[1.1402037336425932, -0.22555975788575625]"",""[1.1363093349929918, -0.21953435538592705]"",";;;;;;;;;;;;;;
;;;;;;;;;;;;;;
"14,""[1.1402037336425932, -0.22555975788575625]"",""[1.1363093349929918, -0.21953435538592705]"",";;;;;;;;;;;;;;
;;;;;;;;;;;;;;
"14,""[1.1402037336425932, -0.22555975788575625]"",""[1.1363093349929918, -0.21953435538592705]"",";;;;;;;;;;;;;;
;;;;;;;;;;;;;;
"14,""[1.1402037336425932, -0.22555975788575625]"",""[1.1363093349929918, -0.21953435538592705]"",";;;;;;;;;;;;;;
;;;;;;;;;;;;;;
"14,""[1.1402037336425932, -0.22555975788575625]"",""[1.1376285839742735, -0.23106102072304288]"",";;;;;;;;;;;;;;
;;;;;;;;;;;;;;
"14,""[1.1402037336425932, -0.22555975788575625]"",""[1.1433058648467342, -0.26350832975266525]"",";;;;;;;;;;;;;;
;;;;;;;;;;;;;;
"14,""[1.1402037336425932, -0.22555975788575625]"",""[1.167796538242945, -0.24050577733681067]"",";;;;;;;;;;;;;;
;;;;;;;;;;;;;;
"14,""[1.1402037336425932, -0.22555975788575625]"",""[1.1369756974017733, -0.216673464977888]"",";;;;;;;;;;;;;;
;;;;;;;;;;;;;;
"14,""[1.1402037336425932, -0.22555975788575625]"",""[1.1360010864388528, -0.20479512092793437]"",";;;;;;;;;;;;;;
;;;;;;;;;;;;;;
"14,""[1.1402037336425932, -0.22555975788575625]"",""[1.1360010864388528, -0.20479512092793437]"",";;;;;;;;;;;;;;
;;;;;;;;;;;;;;
"14,""[1.1402037336425932, -0.22555975788575625]"",""[1.1360010864388528, -0.20479512092793437]"",";;;;;;;;;;;;;;
;;;;;;;;;;;;;;
"14,""[1.1402037336425932, -0.22555975788575625]"",""[1.1360010864388528, -0.20479512092793437]"",";;;;;;;;;;;;;;
;;;;;;;;;;;;;;
"14,""[1.1402037336425932, -0.22555975788575625]"",""[1.1360010864388528, -0.20479512092793437]"",";;;;;;;;;;;;;;
;;;;;;;;;;;;;;
"14,""[1.1402037336425932, -0.22555975788575625]"",""[1.136339419938853, -0.2557686783071332]"",";;;;;;;;;;;;;;
;;;;;;;;;;;;;;
"14,""[1.1402037336425932, -0.22555975788575625]"",""[1.136339419938853, -0.2557686783071332]"",";;;;;;;;;;;;;;
;;;;;;;;;;;;;;
"14,""[1.1402037336425932, -0.22555975788575625]"",""[1.136339419938853, -0.2557686783071332]"",";;;;;;;;;;;;;;
;;;;;;;;;;;;;;
"14,""[1.1402037336425932, -0.22555975788575625]"",""[1.136339419938853, -0.2557686783071332]"",";;;;;;;;;;;;;;
;;;;;;;;;;;;;;
"14,""[1.1402037336425932, -0.22555975788575625]"",""[1.1384311553573385, -0.2513653315869361]"",";;;;;;;;;;;;;;
;;;;;;;;;;;;;;
"14,""[1.1402037336425932, -0.22555975788575625]"",""[1.1462343363829217, -0.2851986660131007]"",";;;;;;;;;;;;;;
;;;;;;;;;;;;;;
"14,""[1.1402037336425932, -0.22555975788575625]"",""[1.1640116825426625, -0.14420572370028378]"",";;;;;;;;;;;;;;
;;;;;;;;;;;;;;
--------------------,--------------------------------------,----------------------------,27;;;;;;;;;;;;;;
;;;;;;;;;;;;;;
"15,""[0.20338590528435188, -0.28589574079264307]"",""[0.2595781818689456, -0.30531576494618423]"",";;;;;;;;;;;;;;
;;;;;;;;;;;;;;
"15,""[0.20338590528435188, -0.28589574079264307]"",""[0.2079921640109117, -0.31123989545578695]"",";;;;;;;;;;;;;;
;;;;;;;;;;;;;;
"15,""[0.20338590528435188, -0.28589574079264307]"",""[0.1585673090137625, -0.27484880810872375]"",";;;;;;;;;;;;;;
;;;;;;;;;;;;;;
"15,""[0.20338590528435188, -0.28589574079264307]"",""[0.11637765142149527, -0.23761141644334946]"",";;;;;;;;;;;;;;
;;;;;;;;;;;;;;
"15,""[0.20338590528435188, -0.28589574079264307]"",""[0.2802971562545412, -0.2816869473268418]"",";;;;;;;;;;;;;;
;;;;;;;;;;;;;;
"15,""[0.20338590528435188, -0.28589574079264307]"",""[0.2279725844796396, -0.30123657796379133]"",";;;;;;;;;;;;;;
;;;;;;;;;;;;;;
"15,""[0.20338590528435188, -0.28589574079264307]"",""[0.1774746651403567, -0.28397196909091416]"",";;;;;;;;;;;;;;
;;;;;;;;;;;;;;
"15,""[0.20338590528435188, -0.28589574079264307]"",""[0.131289675162977, -0.24776706871769227]"",";;;;;;;;;;;;;;
;;;;;;;;;;;;;;
"15,""[0.20338590528435188, -0.28589574079264307]"",""[0.2611649876549274, -0.2953790161286575]"",";;;;;;;;;;;;;;
;;;;;;;;;;;;;;
"15,""[0.20338590528435188, -0.28589574079264307]"",""[0.20917461069188972, -0.2932914901700609]"",";;;;;;;;;;;;;;
;;;;;;;;;;;;;;
"15,""[0.20338590528435188, -0.28589574079264307]"",""[0.1597339798797703, -0.2688730233586108]"",";;;;;;;;;;;;;;
;;;;;;;;;;;;;;
"15,""[0.20338590528435188, -0.28589574079264307]"",""[0.2685227079094797, -0.31720869794407497]"",";;;;;;;;;;;;;;
;;;;;;;;;;;;;;
"15,""[0.20338590528435188, -0.28589574079264307]"",""[0.23158358205030782, -0.31420643715002]"",";;;;;;;;;;;;;;
;;;;;;;;;;;;;;
"15,""[0.20338590528435188, -0.28589574079264307]"",""[0.1930747114448488, -0.30999653133439664]"",";;;;;;;;;;;;;;
;;;;;;;;;;;;;;
"15,""[0.20338590528435188, -0.28589574079264307]"",""[0.15213105840839075, -0.2881249426777598]"",";;;;;;;;;;;;;;
;;;;;;;;;;;;;;
"15,""[0.20338590528435188, -0.28589574079264307]"",""[0.11033360148290576, -0.27154628565881705]"",";;;;;;;;;;;;;;
;;;;;;;;;;;;;;
--------------------,--------------------------------------,----------------------------,17;;;;;;;;;;;;;;
;;;;;;;;;;;;;;
"16,""[-0.051711620321770825, -0.14498100527479613]"",""[0.005124745877226087, -0.1648292417925192]"",";;;;;;;;;;;;;;
;;;;;;;;;;;;;;
"16,""[-0.051711620321770825, -0.14498100527479613]"",""[-0.0349977124570006, -0.13520858928058582]"",";;;;;;;;;;;;;;
;;;;;;;;;;;;;;
"16,""[-0.051711620321770825, -0.14498100527479613]"",""[-0.07709340644697445, -0.11151206733598334]"",";;;;;;;;;;;;;;
;;;;;;;;;;;;;;
"16,""[-0.051711620321770825, -0.14498100527479613]"",""[-0.12069251807907537, -0.09035445840404238]"",";;;;;;;;;;;;;;
;;;;;;;;;;;;;;
"16,""[-0.051711620321770825, -0.14498100527479613]"",""[0.019942806015863596, -0.18155221586126757]"",";;;;;;;;;;;;;;
;;;;;;;;;;;;;;
"16,""[-0.051711620321770825, -0.14498100527479613]"",""[-0.01958956089350704, -0.15504596341534685]"",";;;;;;;;;;;;;;
;;;;;;;;;;;;;;
"16,""[-0.051711620321770825, -0.14498100527479613]"",""[-0.06080199701834284, -0.12595001964065938]"",";;;;;;;;;;;;;;
;;;;;;;;;;;;;;
"16,""[-0.051711620321770825, -0.14498100527479613]"",""[-0.10367195109401826, -0.10315058027274507]"",";;;;;;;;;;;;;;
;;;;;;;;;;;;;;
"16,""[-0.051711620321770825, -0.14498100527479613]"",""[0.003235672802244306, -0.172794762662908]"",";;;;;;;;;;;;;;
;;;;;;;;;;;;;;
"16,""[-0.051711620321770825, -0.14498100527479613]"",""[-0.03562285044029121, -0.14053659260355902]"",";;;;;;;;;;;;;;
;;;;;;;;;;;;;;
"16,""[-0.051711620321770825, -0.14498100527479613]"",""[-0.07630531773186865, -0.11456410149199643]"",";;;;;;;;;;;;;;
;;;;;;;;;;;;;;
"16,""[-0.051711620321770825, -0.14498100527479613]"",""[-0.12129535478525959, -0.0927960430576109]"",";;;;;;;;;;;;;;
;;;;;;;;;;;;;;
"16,""[-0.051711620321770825, -0.14498100527479613]"",""[-0.027638308527850534, -0.233679389992611]"",";;;;;;;;;;;;;;
;;;;;;;;;;;;;;
"16,""[-0.051711620321770825, -0.14498100527479613]"",""[-0.055631856146184926, -0.18215509234757238]"",";;;;;;;;;;;;;;
;;;;;;;;;;;;;;
"16,""[-0.051711620321770825, -0.14498100527479613]"",""[-0.08948698145214752, -0.14794899811122278]"",";;;;;;;;;;;;;;
;;;;;;;;;;;;;;
"16,""[-0.051711620321770825, -0.14498100527479613]"",""[-0.127658996442884, -0.1232269052805269]"",";;;;;;;;;;;;;;
;;;;;;;;;;;;;;
--------------------,--------------------------------------,----------------------------,17;;;;;;;;;;;;;;
;;;;;;;;;;;;;;
"17,""[-0.2134967711874392, -0.04952305631067458]"",""[-0.2125889214764485, -0.03788358831632982]"",";;;;;;;;;;;;;;
;;;;;;;;;;;;;;
"17,""[-0.2134967711874392, -0.04952305631067458]"",""[-0.26051035883091983, -0.008262935804396446]"",";;;;;;;;;;;;;;
;;;;;;;;;;;;;;
"17,""[-0.2134967711874392, -0.04952305631067458]"",""[-0.14788370541562582, -0.07710133218108203]"",";;;;;;;;;;;;;;
;;;;;;;;;;;;;;
"17,""[-0.2134967711874392, -0.04952305631067458]"",""[-0.1938995609082265, -0.05044274495281411]"",";;;;;;;;;;;;;;
;;;;;;;;;;;;;;
"17,""[-0.2134967711874392, -0.04952305631067458]"",""[-0.2425031740179641, -0.023733379458953097]"",";;;;;;;;;;;;;;
;;;;;;;;;;;;;;
"17,""[-0.2134967711874392, -0.04952305631067458]"",""[-0.16680439345126213, -0.06246231487345192]"",";;;;;;;;;;;;;;
;;;;;;;;;;;;;;
"17,""[-0.2134967711874392, -0.04952305631067458]"",""[-0.21234464271628328, -0.03925502456288622]"",";;;;;;;;;;;;;;
;;;;;;;;;;;;;;
"17,""[-0.2134967711874392, -0.04952305631067458]"",""[-0.26242547851786413, -0.008525929469534102]"",";;;;;;;;;;;;;;
;;;;;;;;;;;;;;
"17,""[-0.2134967711874392, -0.04952305631067458]"",""[-0.1685110587701973, -0.10002990579365925]"",";;;;;;;;;;;;;;
;;;;;;;;;;;;;;
"17,""[-0.2134967711874392, -0.04952305631067458]"",""[-0.2086377481360307, -0.0777919478674002]"",";;;;;;;;;;;;;;
;;;;;;;;;;;;;;
"17,""[-0.2134967711874392, -0.04952305631067458]"",""[-0.24779772775056694, -0.056486097031953335]"",";;;;;;;;;;;;;;
;;;;;;;;;;;;;;
"17,""[-0.2134967711874392, -0.04952305631067458]"",""[-0.2862260261045352, -0.03939811708933738]"",";;;;;;;;;;;;;;
;;;;;;;;;;;;;;
--------------------,--------------------------------------,----------------------------,13;;;;;;;;;;;;;;
;;;;;;;;;;;;;;
"18,""[-0.5123576880440525, 0.13269113216921558]"",""[-0.4938219842250836, 0.1305309786477022]"",";;;;;;;;;;;;;;
;;;;;;;;;;;;;;
"18,""[-0.5123576880440525, 0.13269113216921558]"",""[-0.5384546954867682, 0.15253489190517028]"",";;;;;;;;;;;;;;
;;;;;;;;;;;;;;
"18,""[-0.5123576880440525, 0.13269113216921558]"",""[-0.5888191865100809, 0.17961663134671393]"",";;;;;;;;;;;;;;
;;;;;;;;;;;;;;
"18,""[-0.5123576880440525, 0.13269113216921558]"",""[-0.4783048348826794, 0.11006733930945331]"",";;;;;;;;;;;;;;
;;;;;;;;;;;;;;
"18,""[-0.5123576880440525, 0.13269113216921558]"",""[-0.5205715426293154, 0.13708137436800874]"",";;;;;;;;;;;;;;
;;;;;;;;;;;;;;
"18,""[-0.5123576880440525, 0.13269113216921558]"",""[-0.5696825591933902, 0.16099793548516267]"",";;;;;;;;;;;;;;
;;;;;;;;;;;;;;
"18,""[-0.5123576880440525, 0.13269113216921558]"",""[-0.4516249379640959, 0.09051319443553335]"",";;;;;;;;;;;;;;
;;;;;;;;;;;;;;
"18,""[-0.5123576880440525, 0.13269113216921558]"",""[-0.49174684664955814, 0.12143976420584009]"",";;;;;;;;;;;;;;
;;;;;;;;;;;;;;
"18,""[-0.5123576880440525, 0.13269113216921558]"",""[-0.5377904030348838, 0.14998932068793244]"",";;;;;;;;;;;;;;
;;;;;;;;;;;;;;
--------------------,--------------------------------------,----------------------------,10;;;;;;;;;;;;;;
;;;;;;;;;;;;;;
"19,""[-0.6491705122091913, 0.21660485423123982]"",""[-0.690581768186315, 0.25578402342954115]"",";;;;;;;;;;;;;;
;;;;;;;;;;;;;;
"19,""[-0.6491705122091913, 0.21660485423123982]"",""[-0.6207611735970869, 0.18938298359927513]"",";;;;;;;;;;;;;;
;;;;;;;;;;;;;;
"19,""[-0.6491705122091913, 0.21660485423123982]"",""[-0.6720483871986888, 0.22223651872477812]"",";;;;;;;;;;;;;;
;;;;;;;;;;;;;;
"19,""[-0.6491705122091913, 0.21660485423123982]"",""[-0.5886921914492027, 0.1745111358272928]"",";;;;;;;;;;;;;;
;;;;;;;;;;;;;;
"19,""[-0.6491705122091913, 0.21660485423123982]"",""[-0.6399376344883547, 0.20256657849326562]"",";;;;;;;;;;;;;;
;;;;;;;;;;;;;;
"19,""[-0.6491705122091913, 0.21660485423123982]"",""[-0.6911094809577937, 0.27097849932359924]"",";;;;;;;;;;;;;;
;;;;;;;;;;;;;;
--------------------,--------------------------------------,----------------------------,7;;;;;;;;;;;;;;
;;;;;;;;;;;;;;
"20,""[-0.7886184777510358, 0.5579342562486013]"",""[-0.7791894454909265, 0.552836852571329]"",";;;;;;;;;;;;;;
;;;;;;;;;;;;;;
"20,""[-0.7886184777510358, 0.5579342562486013]"",""[-0.8286143004880757, 0.6188485923798134]"",";;;;;;;;;;;;;;
;;;;;;;;;;;;;;
"20,""[-0.7886184777510358, 0.5579342562486013]"",""[-0.7598235469835632, 0.5355891697725508]"",";;;;;;;;;;;;;;
;;;;;;;;;;;;;;
"20,""[-0.7886184777510358, 0.5579342562486013]"",""[-0.8090529576869908, 0.5938826138458958]"",";;;;;;;;;;;;;;
;;;;;;;;;;;;;;
"20,""[-0.7886184777510358, 0.5579342562486013]"",""[-0.780396664466057, 0.5363716007748975]"",";;;;;;;;;;;;;;
;;;;;;;;;;;;;;
"20,""[-0.7886184777510358, 0.5579342562486013]"",""[-0.8308568577733045, 0.6074212866983828]"",";;;;;;;;;;;;;;
;;;;;;;;;;;;;;
--------------------,--------------------------------------,----------------------------,7;;;;;;;;;;;;;;
;;;;;;;;;;;;;;
"21,""[-0.9050778155921835, 0.6572658564546304]"",""[-0.9242692479913048, 0.6637027232635728]"",";;;;;;;;;;;;;;
;;;;;;;;;;;;;;
"21,""[-0.9050778155921835, 0.6572658564546304]"",""[-0.9690898864581019, 0.5816112006639269]"",";;;;;;;;;;;;;;
;;;;;;;;;;;;;;
"21,""[-0.9050778155921835, 0.6572658564546304]"",""[-0.8588574256386822, 0.6603005797502608]"",";;;;;;;;;;;;;;
;;;;;;;;;;;;;;
"21,""[-0.9050778155921835, 0.6572658564546304]"",""[-0.9064575074720457, 0.6886348496059962]"",";;;;;;;;;;;;;;
;;;;;;;;;;;;;;
"21,""[-0.9050778155921835, 0.6572658564546304]"",""[-0.8763887984341874, 0.6685009578427145]"",";;;;;;;;;;;;;;
;;;;;;;;;;;;;;
"21,""[-0.9050778155921835, 0.6572658564546304]"",""[-0.9224426876663132, 0.6600207867532865]"",";;;;;;;;;;;;;;
;;;;;;;;;;;;;;
--------------------,--------------------------------------,----------------------------,7;;;;;;;;;;;;;;
;;;;;;;;;;;;;;
"22,""[-1.3359926367926076, -1.4041314684290722]"",""[-1.290539371143783, -1.3538868626851976]"",";;;;;;;;;;;;;;
;;;;;;;;;;;;;;
"22,""[-1.3359926367926076, -1.4041314684290722]"",""[-1.3145940534238503, -1.3945094717970008]"",";;;;;;;;;;;;;;
;;;;;;;;;;;;;;
"22,""[-1.3359926367926076, -1.4041314684290722]"",""[-1.3393064809221493, -1.423283819932895]"",";;;;;;;;;;;;;;
;;;;;;;;;;;;;;
"22,""[-1.3359926367926076, -1.4041314684290722]"",""[-1.3565957838110048, -1.4554433854647058]"",";;;;;;;;;;;;;;
;;;;;;;;;;;;;;
"22,""[-1.3359926367926076, -1.4041314684290722]"",""[-1.3736031958913277, -1.4867566466782056]"",";;;;;;;;;;;;;;
;;;;;;;;;;;;;;
"22,""[-1.3359926367926076, -1.4041314684290722]"",""[-1.3121096557694487, -1.3490967800422295]"",";;;;;;;;;;;;;;
;;;;;;;;;;;;;;
"22,""[-1.3359926367926076, -1.4041314684290722]"",""[-1.3360083584689204, -1.4051052023587185]"",";;;;;;;;;;;;;;
;;;;;;;;;;;;;;
"22,""[-1.3359926367926076, -1.4041314684290722]"",""[-1.35208177233923, -1.4512626419655588]"",";;;;;;;;;;;;;;
;;;;;;;;;;;;;;
"22,""[-1.3359926367926076, -1.4041314684290722]"",""[-1.3662045018183928, -1.4912759119407573]"",";;;;;;;;;;;;;;
;;;;;;;;;;;;;;
"22,""[-1.3359926367926076, -1.4041314684290722]"",""[-1.3211242940221455, -1.316787272605242]"",";;;;;;;;;;;;;;
;;;;;;;;;;;;;;
"22,""[-1.3359926367926076, -1.4041314684290722]"",""[-1.344600964316793, -1.3621109820048691]"",";;;;;;;;;;;;;;
;;;;;;;;;;;;;;
"22,""[-1.3359926367926076, -1.4041314684290722]"",""[-1.3587857272729214, -1.3965288394702078]"",";;;;;;;;;;;;;;
;;;;;;;;;;;;;;
"22,""[-1.3359926367926076, -1.4041314684290722]"",""[-1.378341555616078, -1.4517580526023868]"",";;;;;;;;;;;;;;
;;;;;;;;;;;;;;
--------------------,--------------------------------------,----------------------------,14;;;;;;;;;;;;;;
;;;;;;;;;;;;;;
"23,""[-1.4249062708999234, -1.61845150818903]"",""[-1.4228401236833395, -1.6060855609432259]"",";;;;;;;;;;;;;;
;;;;;;;;;;;;;;
"23,""[-1.4249062708999234, -1.61845150818903]"",""[-1.4470827331685443, -1.6678657789869702]"",";;;;;;;;;;;;;;
;;;;;;;;;;;;;;
"23,""[-1.4249062708999234, -1.61845150818903]"",""[-1.3880961419651414, -1.5407847167953166]"",";;;;;;;;;;;;;;
;;;;;;;;;;;;;;
"23,""[-1.4249062708999234, -1.61845150818903]"",""[-1.4150787301037868, -1.6096908175044782]"",";;;;;;;;;;;;;;
;;;;;;;;;;;;;;
"23,""[-1.4249062708999234, -1.61845150818903]"",""[-1.440961944091356, -1.6678827050610692]"",";;;;;;;;;;;;;;
;;;;;;;;;;;;;;
"23,""[-1.4249062708999234, -1.61845150818903]"",""[-1.464629496328297, -1.7172391751332812]"",";;;;;;;;;;;;;;
;;;;;;;;;;;;;;
"23,""[-1.4249062708999234, -1.61845150818903]"",""[-1.4005244319045036, -1.507132250930554]"",";;;;;;;;;;;;;;
;;;;;;;;;;;;;;
"23,""[-1.4249062708999234, -1.61845150818903]"",""[-1.425534708772158, -1.6230358328345384]"",";;;;;;;;;;;;;;
;;;;;;;;;;;;;;
"23,""[-1.4249062708999234, -1.61845150818903]"",""[-1.4490995744795787, -1.7055707269349472]"",";;;;;;;;;;;;;;
;;;;;;;;;;;;;;
--------------------,--------------------------------------,----------------------------,10;;;;;;;;;;;;;;
;;;;;;;;;;;;;;
"24,""[-1.5326221398398958, -1.8293713318025648]"",""[-1.4964136245628243, -1.7770390409848635]"",";;;;;;;;;;;;;;
;;;;;;;;;;;;;;
"24,""[-1.5326221398398958, -1.8293713318025648]"",""[-1.5238509965379468, -1.8278173023710098]"",";;;;;;;;;;;;;;
;;;;;;;;;;;;;;
"24,""[-1.5326221398398958, -1.8293713318025648]"",""[-1.5485634240367967, -1.8692862158083403]"",";;;;;;;;;;;;;;
;;;;;;;;;;;;;;
"24,""[-1.5326221398398958, -1.8293713318025648]"",""[-1.5655708361171197, -1.9014457813906633]"",";;;;;;;;;;;;;;
;;;;;;;;;;;;;;
"24,""[-1.5326221398398958, -1.8293713318025648]"",""[-1.5720543247003747, -1.8692862158083403]"",";;;;;;;;;;;;;;
;;;;;;;;;;;;;;
"24,""[-1.5326221398398958, -1.8293713318025648]"",""[-1.5761887232176075, -1.7592666494921356]"",";;;;;;;;;;;;;;
;;;;;;;;;;;;;;
"24,""[-1.5326221398398958, -1.8293713318025648]"",""[-1.4908453414692742, -1.7559322103112998]"",";;;;;;;;;;;;;;
;;;;;;;;;;;;;;
"24,""[-1.5326221398398958, -1.8293713318025648]"",""[-1.5193783290517318, -1.8039176673279549]"",";;;;;;;;;;;;;;
;;;;;;;;;;;;;;
"24,""[-1.5326221398398958, -1.8293713318025648]"",""[-1.5423918946141821, -1.8487548721376152]"",";;;;;;;;;;;;;;
;;;;;;;;;;;;;;
"24,""[-1.5326221398398958, -1.8293713318025648]"",""[-1.560196118045408, -1.8919671725781855]"",";;;;;;;;;;;;;;
;;;;;;;;;;;;;;
"24,""[-1.5326221398398958, -1.8293713318025648]"",""[-1.5663977158206814, -1.8778000376539257]"",";;;;;;;;;;;;;;
;;;;;;;;;;;;;;
"24,""[-1.5326221398398958, -1.8293713318025648]"",""[-1.474126488375272, -1.7731277657797557]"",";;;;;;;;;;;;;;
;;;;;;;;;;;;;;
"24,""[-1.5326221398398958, -1.8293713318025648]"",""[-1.498261297806866, -1.8376789085053784]"",";;;;;;;;;;;;;;
;;;;;;;;;;;;;;
"24,""[-1.5326221398398958, -1.8293713318025648]"",""[-1.5243144176959695, -1.8931693878296174]"",";;;;;;;;;;;;;;
;;;;;;;;;;;;;;
"24,""[-1.5326221398398958, -1.8293713318025648]"",""[-1.54585678342019, -1.9204169983782373]"",";;;;;;;;;;;;;;
;;;;;;;;;;;;;;
"24,""[-1.5326221398398958, -1.8293713318025648]"",""[-1.5795924279738573, -1.7610678085540012]"",";;;;;;;;;;;;;;
;;;;;;;;;;;;;;
--------------------,--------------------------------------,----------------------------,17;;;;;;;;;;;;;;
;;;;;;;;;;;;;;
"25,""[-1.5757901987385916, -1.656890411262472]"",""[-1.5764706140255642, -1.653478604897375]"",";;;;;;;;;;;;;;
;;;;;;;;;;;;;;
"25,""[-1.5757901987385916, -1.656890411262472]"",""[-1.5764706140255642, -1.653478604897375]"",";;;;;;;;;;;;;;
;;;;;;;;;;;;;;
"25,""[-1.5757901987385916, -1.656890411262472]"",""[-1.5764706140255642, -1.653478604897375]"",";;;;;;;;;;;;;;
;;;;;;;;;;;;;;
"25,""[-1.5757901987385916, -1.656890411262472]"",""[-1.5764706140255642, -1.653478604897375]"",";;;;;;;;;;;;;;
;;;;;;;;;;;;;;
"25,""[-1.5757901987385916, -1.656890411262472]"",""[-1.5765645776278576, -1.6018540391784857]"",";;;;;;;;;;;;;;
;;;;;;;;;;;;;;
"25,""[-1.5757901987385916, -1.656890411262472]"",""[-1.570767023344186, -1.7345037840061583]"",";;;;;;;;;;;;;;
;;;;;;;;;;;;;;
"25,""[-1.5757901987385916, -1.656890411262472]"",""[-1.5712180486369216, -1.6293927829237749]"",";;;;;;;;;;;;;;
;;;;;;;;;;;;;;
"25,""[-1.5757901987385916, -1.656890411262472]"",""[-1.5706148023078823, -1.6117219479622331]"",";;;;;;;;;;;;;;
;;;;;;;;;;;;;;
"25,""[-1.5757901987385916, -1.656890411262472]"",""[-1.5706148023078823, -1.6117219479622331]"",";;;;;;;;;;;;;;
;;;;;;;;;;;;;;
"25,""[-1.5757901987385916, -1.656890411262472]"",""[-1.5706148023078823, -1.6117219479622331]"",";;;;;;;;;;;;;;
;;;;;;;;;;;;;;
"25,""[-1.5757901987385916, -1.656890411262472]"",""[-1.5706148023078823, -1.6117219479622331]"",";;;;;;;;;;;;;;
;;;;;;;;;;;;;;
"25,""[-1.5757901987385916, -1.656890411262472]"",""[-1.5700284694272932, -1.5805440954641976]"",";;;;;;;;;;;;;;
;;;;;;;;;;;;;;
"25,""[-1.5757901987385916, -1.656890411262472]"",""[-1.5803884861057493, -1.7147299711520105]"",";;;;;;;;;;;;;;
;;;;;;;;;;;;;;
"25,""[-1.5757901987385916, -1.656890411262472]"",""[-1.5803884861057493, -1.7147299711520105]"",";;;;;;;;;;;;;;
;;;;;;;;;;;;;;
"25,""[-1.5757901987385916, -1.656890411262472]"",""[-1.5803884861057493, -1.7147299711520105]"",";;;;;;;;;;;;;;
;;;;;;;;;;;;;;
"25,""[-1.5757901987385916, -1.656890411262472]"",""[-1.5803884861057493, -1.7147299711520105]"",";;;;;;;;;;;;;;
;;;;;;;;;;;;;;
"25,""[-1.5757901987385916, -1.656890411262472]"",""[-1.5803884861057493, -1.7147299711520105]"",";;;;;;;;;;;;;;
;;;;;;;;;;;;;;
"25,""[-1.5757901987385916, -1.656890411262472]"",""[-1.5834594202747054, -1.6323052662288962]"",";;;;;;;;;;;;;;
;;;;;;;;;;;;;;
--------------------,--------------------------------------,----------------------------,19;;;;;;;;;;;;;;
;;;;;;;;;;;;;;
"26,""[-1.5887248328357408, -1.092724615076709]"",""[-1.5885919187681792, -1.1042270775408551]"",";;;;;;;;;;;;;;
;;;;;;;;;;;;;;
"26,""[-1.5887248328357408, -1.092724615076709]"",""[-1.5882160643573533, -1.0856083816793038]"",";;;;;;;;;;;;;;
;;;;;;;;;;;;;;
"26,""[-1.5887248328357408, -1.092724615076709]"",""[-1.5882160643573533, -1.0856083816793038]"",";;;;;;;;;;;;;;
;;;;;;;;;;;;;;
"26,""[-1.5887248328357408, -1.092724615076709]"",""[-1.5882160643573533, -1.0856083816793038]"",";;;;;;;;;;;;;;
;;;;;;;;;;;;;;
"26,""[-1.5887248328357408, -1.092724615076709]"",""[-1.5931961352979305, -1.0449857725675005]"",";;;;;;;;;;;;;;
;;;;;;;;;;;;;;
"26,""[-1.5887248328357408, -1.092724615076709]"",""[-1.5997735874840298, -1.065297077123402]"",";;;;;;;;;;;;;;
;;;;;;;;;;;;;;
"26,""[-1.5887248328357408, -1.092724615076709]"",""[-1.6005252963050807, -1.0559877292178825]"",";;;;;;;;;;;;;;
;;;;;;;;;;;;;;
"26,""[-1.5887248328357408, -1.092724615076709]"",""[-1.5837847408561223, -1.1896022610124477]"",";;;;;;;;;;;;;;
;;;;;;;;;;;;;;
"26,""[-1.5887248328357408, -1.092724615076709]"",""[-1.586823523765995, -1.076874520718895]"",";;;;;;;;;;;;;;
;;;;;;;;;;;;;;
"26,""[-1.5887248328357408, -1.092724615076709]"",""[-1.5889489804580708, -1.0739293815598407]"",";;;;;;;;;;;;;;
;;;;;;;;;;;;;;
"26,""[-1.5887248328357408, -1.092724615076709]"",""[-1.5872971003233813, -1.0949515817763176]"",";;;;;;;;;;;;;;
;;;;;;;;;;;;;;
"26,""[-1.5887248328357408, -1.092724615076709]"",""[-1.5872971003233813, -1.0949515817763176]"",";;;;;;;;;;;;;;
;;;;;;;;;;;;;;
"26,""[-1.5887248328357408, -1.092724615076709]"",""[-1.5872971003233813, -1.0949515817763176]"",";;;;;;;;;;;;;;
;;;;;;;;;;;;;;
"26,""[-1.5887248328357408, -1.092724615076709]"",""[-1.5872971003233813, -1.0949515817763176]"",";;;;;;;;;;;;;;
;;;;;;;;;;;;;;
"26,""[-1.5887248328357408, -1.092724615076709]"",""[-1.5872971003233813, -1.0949515817763176]"",";;;;;;;;;;;;;;
;;;;;;;;;;;;;;
"26,""[-1.5887248328357408, -1.092724615076709]"",""[-1.5868122481336946, -1.1054119036225707]"",";;;;;;;;;;;;;;
;;;;;;;;;;;;;;
"26,""[-1.5887248328357408, -1.092724615076709]"",""[-1.587342037153301, -1.1594710754783206]"",";;;;;;;;;;;;;;
;;;;;;;;;;;;;;
"26,""[-1.5887248328357408, -1.092724615076709]"",""[-1.5879705782148927, -1.0778844587002894]"",";;;;;;;;;;;;;;
;;;;;;;;;;;;;;
"26,""[-1.5887248328357408, -1.092724615076709]"",""[-1.5879705782148927, -1.0778844587002894]"",";;;;;;;;;;;;;;
;;;;;;;;;;;;;;
"26,""[-1.5887248328357408, -1.092724615076709]"",""[-1.5879705782148927, -1.0778844587002894]"",";;;;;;;;;;;;;;
;;;;;;;;;;;;;;
"26,""[-1.5887248328357408, -1.092724615076709]"",""[-1.5879705782148927, -1.0778844587002894]"",";;;;;;;;;;;;;;
;;;;;;;;;;;;;;
"26,""[-1.5887248328357408, -1.092724615076709]"",""[-1.5879705782148927, -1.0778844587002894]"",";;;;;;;;;;;;;;
;;;;;;;;;;;;;;
"26,""[-1.5887248328357408, -1.092724615076709]"",""[-1.5879705782148927, -1.0778844587002894]"",";;;;;;;;;;;;;;
;;;;;;;;;;;;;;
"26,""[-1.5887248328357408, -1.092724615076709]"",""[-1.5879705782148927, -1.0778844587002894]"",";;;;;;;;;;;;;;
;;;;;;;;;;;;;;
"26,""[-1.5887248328357408, -1.092724615076709]"",""[-1.5879705782148927, -1.0778844587002894]"",";;;;;;;;;;;;;;
;;;;;;;;;;;;;;
--------------------,--------------------------------------,----------------------------,26;;;;;;;;;;;;;;
;;;;;;;;;;;;;;
"27,""[1.2334097853402772, -0.06515978425060978]"",""[1.2523407389890089, -0.06257540638649449]"",";;;;;;;;;;;;;;
;;;;;;;;;;;;;;
"27,""[1.2334097853402772, -0.06515978425060978]"",""[1.2545553238130085, -0.06632951860303903]"",";;;;;;;;;;;;;;
;;;;;;;;;;;;;;
"27,""[1.2334097853402772, -0.06515978425060978]"",""[1.2553536598413895, -0.07794130755481941]"",";;;;;;;;;;;;;;
;;;;;;;;;;;;;;
"27,""[1.2334097853402772, -0.06515978425060978]"",""[1.2518349030398273, -0.08276311371243243]"",";;;;;;;;;;;;;;
;;;;;;;;;;;;;;
"27,""[1.2334097853402772, -0.06515978425060978]"",""[1.249031256240965, -0.0963472153819499]"",";;;;;;;;;;;;;;
;;;;;;;;;;;;;;
"27,""[1.2334097853402772, -0.06515978425060978]"",""[1.2478834042620905, -0.07744169942843634]"",";;;;;;;;;;;;;;
;;;;;;;;;;;;;;
"27,""[1.2334097853402772, -0.06515978425060978]"",""[1.2461629584336351, -0.06906284579607185]"",";;;;;;;;;;;;;;
;;;;;;;;;;;;;;
"27,""[1.2334097853402772, -0.06515978425060978]"",""[1.2389553606234485, -0.033068799006949326]"",";;;;;;;;;;;;;;
;;;;;;;;;;;;;;
"27,""[1.2334097853402772, -0.06515978425060978]"",""[1.192187866231116, -0.04737623096959326]"",";;;;;;;;;;;;;;
;;;;;;;;;;;;;;
"27,""[1.2334097853402772, -0.06515978425060978]"",""[1.1839778647602326, -0.0705599998241969]"",";;;;;;;;;;;;;;
;;;;;;;;;;;;;;
"27,""[1.2334097853402772, -0.06515978425060978]"",""[1.174616236083899, -0.03646061558757439]"",";;;;;;;;;;;;;;
;;;;;;;;;;;;;;
--------------------,--------------------------------------,----------------------------,12;;;;;;;;;;;;;;
;;;;;;;;;;;;;;
"28,""[-1.519445811962868, -0.10654380499569553]"",""[-1.513103393199486, -0.0605917025239264]"",";;;;;;;;;;;;;;
;;;;;;;;;;;;;;
--------------------,--------------------------------------,----------------------------,2;;;;;;;;;;;;;;
;;;;;;;;;;;;;;
"29,""[-1.4804979531004079, 0.06298905708292163]"",""[-1.467391725573751, 0.10094468844971494]"",";;;;;;;;;;;;;;
;;;;;;;;;;;;;;
--------------------,--------------------------------------,----------------------------,2;;;;;;;;;;;;;;
;;;;;;;;;;;;;;
--------------------,--------------------------------------,----------------------------,1;;;;;;;;;;;;;;
;;;;;;;;;;;;;;
--------------------,--------------------------------------,----------------------------,1;;;;;;;;;;;;;;
;;;;;;;;;;;;;;
"32,""[0.40270237314881435, 0.1680307225327672]"",""[0.4087923828865317, 0.12629945688296207]"",";;;;;;;;;;;;;;
;;;;;;;;;;;;;;
"32,""[0.40270237314881435, 0.1680307225327672]"",""[0.4262996813331836, 0.23259528404706123]"",";;;;;;;;;;;;;;
;;;;;;;;;;;;;;
"32,""[0.40270237314881435, 0.1680307225327672]"",""[0.40908548295675795, 0.11388516372255694]"",";;;;;;;;;;;;;;
;;;;;;;;;;;;;;
"32,""[0.40270237314881435, 0.1680307225327672]"",""[0.421886779571008, 0.15148215048424016]"",";;;;;;;;;;;;;;
;;;;;;;;;;;;;;
--------------------,--------------------------------------,----------------------------,5;;;;;;;;;;;;;;
;;;;;;;;;;;;;;
"33,""[0.42685005076115645, 0.4468953293489122]"",""[0.41072031735387576, 0.5271625979815111]"",";;;;;;;;;;;;;;
;;;;;;;;;;;;;;
"33,""[0.42685005076115645, 0.4468953293489122]"",""[0.4475053871803488, 0.44620250365104125]"",";;;;;;;;;;;;;;
;;;;;;;;;;;;;;
"33,""[0.42685005076115645, 0.4468953293489122]"",""[0.44938915099697757, 0.42756905086692404]"",";;;;;;;;;;;;;;
;;;;;;;;;;;;;;
"33,""[0.42685005076115645, 0.4468953293489122]"",""[0.45115404470052073, 0.41240716136534283]"",";;;;;;;;;;;;;;
;;;;;;;;;;;;;;
--------------------,--------------------------------------,----------------------------,5;;;;;;;;;;;;;;
;;;;;;;;;;;;;;
"34,""[0.4642989792820815, 0.6056189006308502]"",""[0.4649018085762319, 0.5620446439528783]"",";;;;;;;;;;;;;;
;;;;;;;;;;;;;;
"34,""[0.4642989792820815, 0.6056189006308502]"",""[0.47923312291690134, 0.6557769187090045]"",";;;;;;;;;;;;;;
;;;;;;;;;;;;;;
--------------------,--------------------------------------,----------------------------,3;;;;;;;;;;;;;;
;;;;;;;;;;;;;;
"35,""[0.485812182306442, 0.7568313099614997]"",""[0.4891312631572534, 0.7686444634895101]"",";;;;;;;;;;;;;;
;;;;;;;;;;;;;;
"35,""[0.485812182306442, 0.7568313099614997]"",""[0.4912915189138231, 0.7440349823206295]"",";;;;;;;;;;;;;;
;;;;;;;;;;;;;;
--------------------,--------------------------------------,----------------------------,3;;;;;;;;;;;;;;
;;;;;;;;;;;;;;
"36,""[0.5059703142295916, 0.9002756048687938]"",""[0.5060635043556415, 0.8749910689119864]"",";;;;;;;;;;;;;;
;;;;;;;;;;;;;;
"36,""[0.5059703142295916, 0.9002756048687938]"",""[0.5101213104646247, 0.8802407521989101]"",";;;;;;;;;;;;;;
;;;;;;;;;;;;;;
--------------------,--------------------------------------,----------------------------,3;;;;;;;;;;;;;;
;;;;;;;;;;;;;;
"37,""[0.5374060670379752, 1.095443587185402]"",""[0.5317907387625899, 1.0673899013256483]"",";;;;;;;;;;;;;;
;;;;;;;;;;;;;;
"37,""[0.5374060670379752, 1.095443587185402]"",""[0.5494859644149301, 1.1492952369514529]"",";;;;;;;;;;;;;;
;;;;;;;;;;;;;;
"37,""[0.5374060670379752, 1.095443587185402]"",""[0.5324831820697615, 1.0351168933005572]"",";;;;;;;;;;;;;;
;;;;;;;;;;;;;;
"37,""[0.5374060670379752, 1.095443587185402]"",""[0.5430021936871695, 1.0879136832516645]"",";;;;;;;;;;;;;;
;;;;;;;;;;;;;;
--------------------,--------------------------------------,----------------------------,5;;;;;;;;;;;;;;
;;;;;;;;;;;;;;
"38,""[0.5789308563357538, 1.3164741278235697]"",""[0.5784906492829158, 1.3145107734501134]"",";;;;;;;;;;;;;;
;;;;;;;;;;;;;;
"38,""[0.5789308563357538, 1.3164741278235697]"",""[0.59693382521199, 1.3762740653692465]"",";;;;;;;;;;;;;;
;;;;;;;;;;;;;;
"38,""[0.5789308563357538, 1.3164741278235697]"",""[0.5783332005618425, 1.2942050219501342]"",";;;;;;;;;;;;;;
;;;;;;;;;;;;;;
"38,""[0.5789308563357538, 1.3164741278235697]"",""[0.5788771120792279, 1.2815024762446534]"",";;;;;;;;;;;;;;
;;;;;;;;;;;;;;
--------------------,--------------------------------------,----------------------------,5;;;;;;;;;;;;;;
;;;;;;;;;;;;;;
"39,""[0.6280733095424321, 1.5019646175419539]"",""[0.6279155042794892, 1.510853384130704]"",";;;;;;;;;;;;;;
;;;;;;;;;;;;;;
"39,""[0.6280733095424321, 1.5019646175419539]"",""[0.6465296939657764, 1.5544042063346786]"",";;;;;;;;;;;;;;
;;;;;;;;;;;;;;
"39,""[0.6280733095424321, 1.5019646175419539]"",""[0.627284083408446, 1.4891743487209792]"",";;;;;;;;;;;;;;
;;;;;;;;;;;;;;
"39,""[0.6280733095424321, 1.5019646175419539]"",""[0.6540093249351081, 1.5500413704074334]"",";;;;;;;;;;;;;;
;;;;;;;;;;;;;;
"39,""[0.6280733095424321, 1.5019646175419539]"",""[0.6169898719679691, 1.4353395807803624]"",";;;;;;;;;;;;;;
;;;;;;;;;;;;;;
--------------------,--------------------------------------,----------------------------,6;;;;;;;;;;;;;;
;;;;;;;;;;;;;;
"40,""[1.0156905535291927, 1.2506126135369824]"",""[1.0089379130491372, 1.2688103381975306]"",";;;;;;;;;;;;;;
;;;;;;;;;;;;;;
"40,""[1.0156905535291927, 1.2506126135369824]"",""[1.0213937282169931, 1.2142406332690747]"",";;;;;;;;;;;;;;
;;;;;;;;;;;;;;
"40,""[1.0156905535291927, 1.2506126135369824]"",""[1.0082595649571988, 1.2759847717364705]"",";;;;;;;;;;;;;;
;;;;;;;;;;;;;;
"40,""[1.0156905535291927, 1.2506126135369824]"",""[1.022125827574617, 1.1931531123535648]"",";;;;;;;;;;;;;;
;;;;;;;;;;;;;;
"40,""[1.0156905535291927, 1.2506126135369824]"",""[0.99606405458767, 1.2702823750612315]"",";;;;;;;;;;;;;;
;;;;;;;;;;;;;;
--------------------,--------------------------------------,----------------------------,6;;;;;;;;;;;;;;
;;;;;;;;;;;;;;
"41,""[1.0482558424894965, 1.120426529468285]"",""[1.0400398655278222, 1.126631206299003]"",";;;;;;;;;;;;;;
;;;;;;;;;;;;;;
"41,""[1.0482558424894965, 1.120426529468285]"",""[1.0514320127139865, 1.0832834971429686]"",";;;;;;;;;;;;;;
;;;;;;;;;;;;;;
"41,""[1.0482558424894965, 1.120426529468285]"",""[1.0400455796557686, 1.151365462454144]"",";;;;;;;;;;;;;;
;;;;;;;;;;;;;;
"41,""[1.0482558424894965, 1.120426529468285]"",""[1.046730082537238, 1.0986128214570174]"",";;;;;;;;;;;;;;
;;;;;;;;;;;;;;
--------------------,--------------------------------------,----------------------------,5;;;;;;;;;;;;;;
;;;;;;;;;;;;;;
"42,""[1.1119190499191385, 0.8292123768116794]"",""[1.1039351153341344, 0.8202690292011834]"",";;;;;;;;;;;;;;
;;;;;;;;;;;;;;
"42,""[1.1119190499191385, 0.8292123768116794]"",""[1.1164698599282423, 0.7700324026191661]"",";;;;;;;;;;;;;;
;;;;;;;;;;;;;;
"42,""[1.1119190499191385, 0.8292123768116794]"",""[1.106209775891609, 0.8591506526657471]"",";;;;;;;;;;;;;;
;;;;;;;;;;;;;;
"42,""[1.1119190499191385, 0.8292123768116794]"",""[1.1223831918543161, 0.7705674113661098]"",";;;;;;;;;;;;;;
;;;;;;;;;;;;;;
"42,""[1.1119190499191385, 0.8292123768116794]"",""[1.0994604068226006, 0.9005206948856892]"",";;;;;;;;;;;;;;
;;;;;;;;;;;;;;
--------------------,--------------------------------------,----------------------------,6;;;;;;;;;;;;;;
;;;;;;;;;;;;;;
"43,""[1.1357806773951227, 0.6280332961183888]"",""[1.1279897976136508, 0.6264653315909825]"",";;;;;;;;;;;;;;
;;;;;;;;;;;;;;
"43,""[1.1357806773951227, 0.6280332961183888]"",""[1.1371662830492124, 0.5615368613402436]"",";;;;;;;;;;;;;;
;;;;;;;;;;;;;;
"43,""[1.1357806773951227, 0.6280332961183888]"",""[1.1296301068370844, 0.6525262091294846]"",";;;;;;;;;;;;;;
;;;;;;;;;;;;;;
"43,""[1.1357806773951227, 0.6280332961183888]"",""[1.1382290336832284, 0.6311870900521469]"",";;;;;;;;;;;;;;
;;;;;;;;;;;;;;
--------------------,--------------------------------------,----------------------------,5;;;;;;;;;;;;;;
;;;;;;;;;;;;;;
"44,""[1.1481621166138036, 0.4422594274542716]"",""[1.1423662288199947, 0.4411246775102618]"",";;;;;;;;;;;;;;
;;;;;;;;;;;;;;
"44,""[1.1481621166138036, 0.4422594274542716]"",""[1.1469027915563952, 0.39305459004373555]"",";;;;;;;;;;;;;;
;;;;;;;;;;;;;;
"44,""[1.1481621166138036, 0.4422594274542716]"",""[1.1432558789651304, 0.4402566652312998]"",";;;;;;;;;;;;;;
;;;;;;;;;;;;;;
"44,""[1.1481621166138036, 0.4422594274542716]"",""[1.1493983810899733, 0.48351721639483464]"",";;;;;;;;;;;;;;
;;;;;;;;;;;;;;
--------------------,--------------------------------------,----------------------------,5;;;;;;;;;;;;;;
;;;;;;;;;;;;;;
"45,""[1.160719887071119, -0.3659681799669006]"",""[1.149451084460431, -0.33383622177576094]"",";;;;;;;;;;;;;;
;;;;;;;;;;;;;;
"45,""[1.160719887071119, -0.3659681799669006]"",""[1.1511626724481168, -0.3726240214808546]"",";;;;;;;;;;;;;;
;;;;;;;;;;;;;;
"45,""[1.160719887071119, -0.3659681799669006]"",""[1.1705829185273315, -0.36238844985398777]"",";;;;;;;;;;;;;;
;;;;;;;;;;;;;;
--------------------,--------------------------------------,----------------------------,4;;;;;;;;;;;;;;
;;;;;;;;;;;;;;
"46,""[0.3748182600103965, -0.09839146410944034]"",""[0.3840386114026977, -0.06120773636376182]"",";;;;;;;;;;;;;;
;;;;;;;;;;;;;;
"46,""[0.3748182600103965, -0.09839146410944034]"",""[0.3638305399733048, -0.13897482866929056]"",";;;;;;;;;;;;;;
;;;;;;;;;;;;;;
"46,""[0.3748182600103965, -0.09839146410944034]"",""[0.3877140350538306, -0.06833035439846595]"",";;;;;;;;;;;;;;
;;;;;;;;;;;;;;
--------------------,--------------------------------------,----------------------------,4;;;;;;;;;;;;;;
;;;;;;;;;;;;;;
"47,""[-1.038012189006138, 0.4440867427434151]"",""[-1.0612681806634567, 0.3937316335128165]"",";;;;;;;;;;;;;;
;;;;;;;;;;;;;;
--------------------,--------------------------------------,----------------------------,2;;;;;;;;;;;;;;
;;;;;;;;;;;;;;
"48,""[-1.5797803687670726, -1.4864030034049796]"",""[-1.5754182216756472, -1.4899048988852002]"",";;;;;;;;;;;;;;
;;;;;;;;;;;;;;
"48,""[-1.5797803687670726, -1.4864030034049796]"",""[-1.584821289726003, -1.4740844210715407]"",";;;;;;;;;;;;;;
;;;;;;;;;;;;;;
--------------------,--------------------------------------,----------------------------,3;;;;;;;;;;;;;;
;;;;;;;;;;;;;;
"49,""[-1.5827477372349066, -1.3294088170499565]"",""[-1.5793252282740655, -1.344526736514085]"",";;;;;;;;;;;;;;
;;;;;;;;;;;;;;
"49,""[-1.5827477372349066, -1.3294088170499565]"",""[-1.5869974804514189, -1.3008148085504567]"",";;;;;;;;;;;;;;
;;;;;;;;;;;;;;
--------------------,--------------------------------------,----------------------------,3;;;;;;;;;;;;;;
;;;;;;;;;;;;;;
"50,""[0.32611018842537126, -0.2509599496342826]"",""[0.3126556126442354, -0.26253791817574673]"",";;;;;;;;;;;;;;
;;;;;;;;;;;;;;
"50,""[0.32611018842537126, -0.2509599496342826]"",""[0.3492733362752997, -0.22394637279511567]"",";;;;;;;;;;;;;;
;;;;;;;;;;;;;;
"50,""[0.32611018842537126, -0.2509599496342826]"",""[0.3084073311025965, -0.28675149119748267]"",";;;;;;;;;;;;;;
;;;;;;;;;;;;;;
--------------------,--------------------------------------,----------------------------,4;;;;;;;;;;;;;;
;;;;;;;;;;;;;;
"51,""[-0.7248055951332819, 0.4230499177261813]"",""[-0.733537096679547, 0.4582246280733766]"",";;;;;;;;;;;;;;
;;;;;;;;;;;;;;
--------------------,--------------------------------------,----------------------------,2;;;;;;;;;;;;;;
;;;;;;;;;;;;;;
"52,""[-1.2676758122851841, -1.2312217666150167]"",""[-1.263410199785009, -1.2484542659640205]"",";;;;;;;;;;;;;;
;;;;;;;;;;;;;;
"52,""[-1.2676758122851841, -1.2312217666150167]"",""[-1.288786010318241, -1.3026854491290718]"",";;;;;;;;;;;;;;
;;;;;;;;;;;;;;
"52,""[-1.2676758122851841, -1.2312217666150167]"",""[-1.2478129895996934, -1.1740131454113272]"",";;;;;;;;;;;;;;
;;;;;;;;;;;;;;
"52,""[-1.2676758122851841, -1.2312217666150167]"",""[-1.2717659778905863, -1.2221863296623499]"",";;;;;;;;;;;;;;
;;;;;;;;;;;;;;
"52,""[-1.2676758122851841, -1.2312217666150167]"",""[-1.2972713894067978, -1.2570411007551596]"",";;;;;;;;;;;;;;
;;;;;;;;;;;;;;
--------------------,--------------------------------------,----------------------------,6;;;;;;;;;;;;;;
;;;;;;;;;;;;;;
"53,""[-1.5650952649934111, -1.9321854636698583]"",""[-1.571014063577188, -1.9088549201749667]"",";;;;;;;;;;;;;;
;;;;;;;;;;;;;;
--------------------,--------------------------------------,----------------------------,2;;;;;;;;;;;;;;
